Time,q,qd,qdd,tau
0.0,0.12622064772118446,0.6734651232409752,-0.9208985644575,-1.5549405721149463
0.01001001001001001,0.13296204034621925,0.6642469193925518,-1.392727369082266,-2.882961625468408
0.02002002002002002,0.13951888434565998,0.6455826934295184,-1.8866471518347083,-4.193875331590506
0.03003003003003003,0.14588661879325665,0.6264762056421072,-1.9294796073298066,-4.178262999538408
0.04004004004004004,0.15206095052468113,0.6069544730625553,-1.9695872958417695,-4.33231967887897
0.050050050050050046,0.1580378594952097,0.5870450285481779,-2.0069206425991695,-4.344039214369694
0.06006006006006006,0.1638136037488689,0.5667758816191286,-2.041434018446637,-4.478128056989155
0.07007007007007007,0.16938472399208918,0.5461754786293262,-2.073085803625247,-4.72873110821006
0.08008008008008008,0.17474804776547204,0.5252726623273318,-2.1018384458431,-4.7905003318374835
0.09009009009009009,0.17990069320785157,0.5040966308646997,-2.1276585125580887,-4.718806798189086
0.10010010010010009,0.18484007240740796,0.48267689631015287,-2.1505167373940957,-4.874966333194286
0.11011011011011011,0.18956389433518195,0.4610432427286817,-2.170388060625619,-4.944385548454896
0.12012012012012012,0.19407016735693117,0.43922568388521555,-2.187251663677781,-4.888137129074272
0.13013013013013014,0.19835720131987095,0.4172544206330304,-2.201090997585922,-4.761318464261084
0.14014014014014015,0.2024236092114463,0.39515979804765955,-2.211893805377308,-5.0693826391987855
0.15015015015015015,0.20626830838789217,0.3729722623672185,-2.2196521383473993,-4.993001988525454
0.16016016016016016,0.20989052137095018,0.35072231780046437,-2.2243623662012375,-5.075081068280363
0.17017017017017017,0.2132897762117253,0.3284404832640906,-2.2260251810481915,-5.038276159118079
0.18018018018018017,0.21646590642128233,0.3061572491108109,-2.2246455952470896,-5.324516880078772
0.19019019019019018,0.21941905046819798,0.28390303390979454,-2.2202329331009985,-4.985523992258906
0.20020020020020018,0.22214965084390081,0.26170814134102116,-2.212800816413923,-5.222565654371734
0.21021021021021022,0.2246584526972475,0.23960271726487115,-2.2023671439367245,-5.22000623165637
0.22022022022022023,0.22694650204039468,0.21761670702797353,-2.188954064721358,-4.972277221507266
0.23023023023023023,0.22901514352863833,0.19577981306624537,-2.172587945428809,-4.8175348228719255
0.24024024024024024,0.23086601781749666,0.17412145286523462,-2.153299331636804,-4.788766457307612
0.2502502502502503,0.23250105850091535,0.15267071733778081,-2.1311229031997696,-4.725786335055411
0.2602602602602603,0.23392248863506981,0.131456329678052,-2.1060974237263643,-5.004829893708234
0.2702702702702703,0.2351328168528283,0.11050660475066643,-2.0782656842457508,-4.734023496722264
0.2802802802802803,0.2361348330745226,0.08984940907253147,-2.047674441147083,-4.913123558302705
0.2902902902902903,0.23693160382124734,0.06951212144441854,-2.014374348473835,-4.669744763209362
0.3003003003003003,0.23752646713747394,0.04952159428827052,-1.9784198846755996,-4.562470818623972
0.3103103103103103,0.23792302713032182,0.02990411574520735,-1.9398692739178627,-4.578583884740027
0.3203203203203203,0.238125148133374,0.010685372588213227,-1.8987844020648472,-4.202276128669229
0.3303303303303303,0.23813694850345923,-0.008109585997832625,-1.8552307274552051,-4.120847257007781
0.34034034034034033,0.23796279405934329,-0.026456383717196275,-1.8092771865920239,-4.1400477105362
0.35035035035035034,0.23760729117178364,-0.044331351495170424,-1.7609960948905405,-3.8676468755226967
0.36036036036036034,0.23707527951489543,-0.061711560792081954,-1.7104630426199372,-3.938989743873946
0.37037037037037035,0.23637182448925947,-0.07857485585192592,-1.6577567861867748,-3.6656043116685124
0.38038038038038036,0.2355022093276697,-0.09489988483986522,-1.6029591349176413,-3.508362985628242
0.39039039039039036,0.2344719268948678,-0.11066612982425106,-1.5461548335002968,-3.326148101484349
0.40040040040040037,0.23328667119305005,-0.12585393556059188,-1.4874314402528608,-3.2464364278371
0.41041041041041043,0.23195232858534642,-0.1404445370365206,-1.426879201394529,-3.0007715536176796
0.42042042042042044,0.23047496874987644,-0.15442008573866062,-1.3645909214946261,-3.0557267905129497
0.43043043043043044,0.22886083537736523,-0.16776367460398056,-1.3006618302838433,-2.884315175149826
0.44044044044044045,0.22711633662567263,-0.18045936162021903,-1.2351894460248882,-2.451384310971103
0.45045045045045046,0.2252480353449284,-0.19249219204191625,-1.16827343562929,-2.326899541203372
0.46046046046046046,0.22326263908729593,-0.203848219190375,-1.1000154717207167,-2.2499605282496846
0.47047047047047047,0.22116698991569167,-0.21451452380809677,-1.030519086853273,-2.0241552429121588
0.4804804804804805,0.21896805402607275,-0.22447923194019026,-0.9598895250874548,-1.9266558757253347
0.4904904904904905,0.21667291119817034,-0.23373153131735513,-0.8882335911388317,-1.5343236012110482
0.5005005005005005,0.21428874408978935,-0.24226168621724398,-0.815659497312847,-1.6132185701124777
0.5105105105105106,0.2118228273900173,-0.25006105078307783,-0.7422767084416222,-1.609886031684012
0.5205205205205206,0.20928251684688487,-0.2571220807806398,-0.6681957850474998,-1.277248945347825
0.5305305305305306,0.20667523818519967,-0.2634383437770218,-0.5935282249562572,-1.2231149543129638
0.5405405405405406,0.20400847593042798,-0.269004527726711,-0.5183863035841263,-0.9416291982789087
0.5505505505505506,0.2012897621546349,-0.2738164479528802,-0.4428829131247092,-0.7581518843456222
0.5605605605605606,0.19852666516060058,-0.27787105251399247,-0.3671314008692459,-0.3518425674903238
0.5705705705705706,0.19572677812032072,-0.28116642594826047,-0.29124540688858325,-0.313538502973858
0.5805805805805806,0.1928977076841589,-0.2837017913906408,-0.21533870130511978,0.05282748106558592
0.5905905905905906,0.19004706257696455,-0.28547751105947405,-0.13952502139189882,0.04616807575372824
0.6006006006006006,0.18718244219748276,-0.28649508511220034,-0.06391790872762826,0.42495990404795114
0.6106106106106106,0.18431142523738098,-0.286757148871839,0.01136945335934847,0.4361623762060041
0.6206206206206206,0.1814415583361847,-0.2862674684283295,0.08622440182905144,0.5685996436540587
0.6306306306306306,0.17858034478836537,-0.28503093462100715,0.1605349552142954,0.7912565143479702
0.6406406406406406,0.1757352333187471,-0.2830535554110263,0.23418997392289853,1.0926711851588538
0.6506506506506506,0.17291360694229876,-0.28034244665458274,0.30707931933511645,1.1504421750774398
0.6606606606606606,0.17012277192426098,-0.27690582129020314,0.37909401146234245,1.2494460094823137
0.6706706706706707,0.16736994685640882,-0.27275297695563694,0.45012638494374,1.2971659475740944
0.6806806806806807,0.16466225186508904,-0.2678942820520902,0.5200702431626532,1.7528924296962114
0.6906906906906907,0.16200669796647707,-0.262341160275704,0.5888210102608884,1.7483979938665524
0.7007007007007007,0.15941017658429418,-0.25610607363845883,0.6562758808304068,2.0736168954625853
0.7107107107107107,0.15687944924498642,-0.24920250400282296,0.7223339670772351,2.354616119000539
0.7207207207207207,0.15442113746511854,-0.2416449331564321,0.7868964432404155,2.279740902277832
0.7307307307307307,0.15204171284545825,-0.2334488214554673,0.8498666870628053,2.4651728797101953
0.7407407407407407,0.14974748738593002,-0.22463058506708666,0.9111504181170549,2.8388202749491844
0.7507507507507507,0.14754460403530636,-0.21520757184351424,0.9706558327794035,2.6987152229334868
0.7607607607607607,0.14543902748916296,-0.2051980358622938,1.0282937356681447,2.9724605339375567
0.7707707707707707,0.14343653524927447,-0.1946211106689768,1.0839776673564643,2.9026289638595473
0.7807807807807807,0.14154270895725152,-0.1834967812605628,1.137624028176086,3.165046513036237
0.7907907907907907,0.13976292601482876,-0.17184585484963577,1.1891521979366857,3.186225649137746
0.8008008008008007,0.13810235150280437,-0.15968993045101953,1.238484651390209,3.5524700522128443
0.8108108108108109,0.13656593041020373,-0.14705136733431612,1.2855470692790822,3.3814452511509767
0.8208208208208209,0.1351583801848,-0.1339532523873741,1.3302684448014688,3.7099147431539428
0.8308308308308309,0.1338841836156617,-0.12041936643738982,1.3725811853497456,3.7185061952139735
0.8408408408408409,0.13274758205792533,-0.1064741495775694,1.412421209378894,3.8840464499665823
0.8508508508508509,0.13175256900950416,-0.09214266554892347,1.449728038253972,3.7027290593482904
0.8608608608608609,0.13090288404893788,-0.07745056522814053,1.4844448829601107,4.109118171983321
0.8708708708708709,0.13020200714307492,-0.0624240492734458,1.5165187255482606,4.003666439394396
0.8808808808808809,0.12965315333275276,-0.04708982998192912,1.5459003951906558,4.053948152751052
0.8908908908908909,0.12925926780409736,-0.03147509241277202,1.5725446387502404,4.098273308657826
0.9009009009009009,0.1290230213525171,-0.01560745483177417,1.5964101857582644,4.254057114649617
0.9109109109109109,0.12894680624590368,0.00048507146627230213,1.6174598077056817,4.20927552229353
0.9209209209209209,0.129032732492983,0.016774122900071298,1.635660371566669,4.3513123897266945
0.9309309309309309,0.1292826245221814,0.03323102485099039,1.650982887475926,4.378139963530772
0.9409409409409409,0.12969801827578561,0.04982683336004978,1.6634025504958667,4.193557702296059
0.950950950950951,0.13028015872358378,0.06653237721326999,1.6728987764078225,4.284854552702267
0.960960960960961,0.1310299977995748,0.08331830035520138,1.6794552314798765,4.305843980219509
0.970970970970971,0.13194819276472897,0.10015510457022447,1.6830598561711767,4.553122072497869
0.980980980980981,0.1330351049981779,0.11701319237064034,1.6837048827329326,4.6028689839556085
0.990990990990991,0.13429079921859563,0.13386291003034323,1.6813868466868396,4.460311041418768
1.001001001001001,0.1357150431369235,0.1506745907027094,1.676106592160882,4.5064719743013715
1.011011011011011,0.1373073075409722,0.1674185975610918,1.667869271075988,4.491721205263469
1.021021021021021,0.13906676681182023,0.18406536690042685,1.6566843361849362,4.462618289437811
1.031031031031031,0.14099229987131107,0.2005854511383678,1.642565527971648,4.317868851195739
1.0410410410410411,0.1430824915593351,0.216949561654614,1.625530855433281,4.464910013193827
1.0510510510510511,0.14533563443897102,0.23312861140730234,1.6056025707679424,4.233294210884117
1.0610610610610611,0.14774973102694877,0.2490937572655838,1.5828071380068423,4.210003372139573
1.0710710710710711,0.15032249644629,0.2648164419980299,1.557175195635196,4.227846124607091
1.0810810810810811,0.1530513614973798,0.280268435856879,1.5287415132530686,4.115768273395033
1.0910910910910911,0.15593347614312442,0.295421877698792,1.4975449423416354,4.240137155910611
1.1011011011011012,0.15896571340326152,0.31024931558343827,1.4636283612000316,4.014414652845912
1.1111111111111112,0.16214467365230234,0.32472374679188576,1.4270386141341636,4.134884260143471
1.1211211211211212,0.16546668931501096,0.33881865720774584,1.3878264449875353,3.87499542422038
1.1311311311311312,0.16892782995275774,0.35250806000484936,1.3460464250997894,3.744677684025257
1.1411411411411412,0.17252390773352647,0.36576653358612,1.301756875801047,3.621927733402572
1.1511511511511512,0.17625048327780518,0.378569258719585,1.255019785554854,3.452578135221255
1.1611611611611612,0.1801028718720567,0.39089205481844935,1.2059007218621964,3.5303605050979825
1.1711711711711712,0.18407615004093728,0.4027114153134228,1.1544687380566536,3.4496856051726423
1.1811811811811812,0.188165162468922,0.4140045420668308,1.100796275118956,3.260216454692384
1.1911911911911912,0.19236452926149444,0.42474937877926777,1.0449590586511661,3.0567896167718747
1.2012012012012012,0.19666865353557403,0.43492464334112846,0.9870359911641664,2.942979079747401
1.2112112112112112,0.2010717293283839,0.4445098590828547,0.9271090398253108,2.697889823319319
1.2212212212212212,0.20556774981350906,0.45348538487917267,0.8652631198221847,2.7423951228213985
1.2312312312312312,0.21015051581245142,0.4618324440642798,0.801585973519451,2.5476639980327813
1.2412412412412412,0.2148136445895707,0.46953315211679936,0.736168045573887,2.3673618660742997
1.2512512512512513,0.21955057891789284,0.476570543074768,0.6691023541827903,2.347807508296103
1.2612612612612613,0.22435459640287936,0.4829285946429813,0.6004843586595818,2.0927452202372434
1.2712712712712713,0.22921881905088548,0.48859225195684175,0.5304118235144166,1.9793107445852915
1.2812812812812813,0.234136223068682,0.49354744996859523,0.45898467923334607,1.8592243489516336
1.2912912912912913,0.23909964888008656,0.49778113442397576,0.3863048799673834,1.6001793120272527
1.3013013013013013,0.24410181134543826,0.5012812813993737,0.31247625832194004,1.576692458522773
1.3113113113113113,0.24913531016936333,0.504036915371362,0.23760437744909169,1.1910316514655972
1.3213213213213213,0.2541926404820021,0.5060381257927489,0.16179638067086088,1.059850976058052
1.3313313313313313,0.25926620357862756,0.5072760821515594,0.08516083883310444,0.922300150048226
1.3413413413413413,0.2643483178023536,0.5077430474911093,0.007807595610795914,0.7051991434774835
1.3513513513513513,0.26943122955442556,0.5074323903719957,-0.07015238900988763,0.47380951736331256
1.3613613613613613,0.27450712441640757,0.5063385952586792,-0.1486071968606808,0.25277951063568355
1.3713713713713713,0.2795681383684131,0.5044572713157258,-0.2274441110951777,0.03303168684950325
1.3813813813813813,0.28460636908739306,0.501785159601118,-0.3065497768417522,0.07051456128879299
1.3913913913913913,0.2896138873093764,0.49832013864622127,-0.3858103627857652,-0.21095765566147687
1.4014014014014013,0.29458274823946956,0.49406122841421585,-0.46511172344537854,-0.48120054383661776
1.4114114114114114,0.2995050029933447,0.4890085926312988,-0.5443395619024436,-0.7699994360217607
1.4214214214214214,0.30437271005391,0.48316353948724,-0.6233795927712826,-0.8392640042394606
1.4314314314314314,0.30917794672682297,0.4765285207039458,-0.7021177051627525,-1.0749320052087852
1.4414414414414414,0.3139128205785135,0.4691071289734712,-0.7804401254112427,-1.463084516430962
1.4514514514514514,0.318569480840406,0.4609040937687858,-0.8582335793430147,-1.3176964313918564
1.4614614614614614,0.32314012976307377,0.45192527553317063,-0.9353854538446633,-1.6608761107580032
1.4714714714714714,0.32761703390413316,0.4421776582563801,-1.0117839575023275,-1.7990538714267645
1.4814814814814814,0.3319925353337721,0.43166934044803895,-1.0873182800869294,-1.8273961665625706
1.4914914914914914,0.3362590627419317,0.4204095245209061,-1.1618787506615114,-2.1416886687382983
1.5015015015015014,0.3404091424312877,0.4084085045989596,-1.2353569940737792,-2.424342941998001
1.5115115115115114,0.3444354091803493,0.3956776527676773,-1.307646085622114,-2.4067179659496953
1.5215215215215214,0.3483306169611711,0.38222940378570414,-1.3786407036704063,-2.556717735309689
1.5315315315315314,0.3520876494963794,0.3680772382797812,-1.4482372799885752,-2.8072644148114456
1.5415415415415414,0.355699530640446,0.3532356644465935,-1.5163341476217589,-3.0698156994261887
1.5515515515515514,0.3591594345703853,0.33772019828735367,-1.5828316860605938,-3.207472229168104
1.5615615615615615,0.362460695771324,0.3215473424033384,-1.6476324635059783,-3.534249179098621
1.5715715715715715,0.36559681880268435,0.30473456338232907,-1.7106413760396428,-3.5572893587000207
1.5815815815815815,0.36856148783103027,0.28730026780795015,-1.7717657834927731,-3.5927700275535517
1.5915915915915915,0.3713485759159566,0.26926377692601733,-1.8309156418160573,-3.853640445994313
1.6016016016016015,0.3739521540357553,0.2506453000038249,-1.8880036317704647,-3.8796467306635978
1.6116116116116117,0.37636649983995724,0.23146590642010167,-1.9429452837531027,-4.1943262759085
1.6216216216216217,0.3785861061162379,0.2117474965252839,-1.9956590985727303,-4.34467382479821
1.6316316316316317,0.3806056889595826,0.1915127713135405,-2.046066664016479,-4.376563767507728
1.6416416416416417,0.3824201956320245,0.17078520094937844,-2.094092767032877,-4.5082184390280045
1.6516516516516517,0.38402481210171224,0.1495889921937632,-2.139665501368249,-4.543783754500988
1.6616616616616617,0.3854149702505183,0.12794905477583995,-2.182716370512983,-4.92917971489424
1.6716716716716717,0.38658635473986724,0.10589096675806786,-2.223180385804252,-4.744884550466813
1.6816816816816818,0.38753490952495406,0.08344093894392302,-2.2609961595480015,-4.863754797646385
1.6916916916916918,0.38825684400801386,0.06062577837872851,-2.2961059930241285,-5.103167458011436
1.7017017017017018,0.38874863882182553,0.037472850995492024,-2.328455959253803,-5.145517212882943
1.7117117117117118,0.3890070512351508,0.014010043458732468,-2.3579959804087944,-5.216435986680258
1.7217217217217218,0.3890291201723507,-0.009734275739418763,-2.3846798997517253,-5.279297002700342
1.7317317317317318,0.3888121708399672,-0.03373129587563639,-2.4084655480083965,-5.283169996927801
1.7417417417417418,0.3883538189536192,-0.05795180422807533,-2.4293148040722814,-5.435219770674541
1.7517517517517518,0.38765197455912487,-0.08236622688809447,-2.447193649956366,-5.505498801186696
1.7617617617617618,0.38670484544234607,-0.10694467009306763,-2.462072219918144,-5.249999888747877
1.7717717717717718,0.3855109401228273,-0.13165696202159083,-2.473924843684321,-5.458658530748991
1.7817817817817818,0.3840690704268988,-0.15647269499165262,-2.4827300837115036,-5.574130168583323
1.7917917917917918,0.38237835363650785,-0.18136126800180108,-2.4884707664292813,-5.62818000983935
1.8018018018018018,0.38043821421064655,-0.20629192955480136,-2.4911340074304,-5.5106736959107145
1.8118118118118118,0.3782483850768522,-0.23123382070311038,-2.4907112305652515,-5.568297434157623
1.8218218218218218,0.37580890849086457,-0.2561560182548064,-2.487198180904821,-5.539787854425589
1.8318318318318318,0.37312013646314235,-0.28102757807858225,-2.480594931568211,-5.4973095870258435
1.8418418418418419,0.3701827307515536,-0.30581757844636215,-2.4709058844019562,-5.409027754402047
1.8518518518518519,0.3669976624201722,-0.33049516335189466,-2.45813976450348,-5.3083797063657725
1.8618618618618619,0.36356621096472885,-0.3550295857437291,-2.442309608594943,-5.2804653766485465
1.8718718718718719,0.3598899630058833,-0.3793902506110527,-2.4234327472767205,-5.2353044597183835
1.8818818818818819,0.3559708105520952,-0.40354675786138117,-2.401530781178458,-5.215555114977424
1.8918918918918919,0.35181094883448427,-0.4274689449289397,-2.376629551029538,-5.243549044333053
1.901901901901902,0.347412873716681,-0.45112692905316365,-2.348759101714762,-4.9537612347379945
1.911911911911912,0.34277937868326974,-0.4744911491674735,-2.317953640352389,-5.118087062454426
1.921921921921922,0.33791355141102586,-0.4975324073384968,-2.2842514884455802,-4.866456029290697
1.931931931931932,0.3328187699277443,-0.5202219096969145,-2.247695028198134,-4.846178448679769
1.941941941941942,0.3274986983640406,-0.5425313068019229,-2.208330643057181,-4.627855741628195
1.951951951951952,0.3219572823040822,-0.5644327333817429,-2.166208652558222,-4.635207082155302
1.961961961961962,0.3161987437417835,-0.585898847393679,-2.1213832415820875,-4.348557679122194
1.971971971971972,0.3102275756495541,-0.6069028683483513,-2.073912384123666,-4.369199715997676
1.981981981981982,0.3040485361672419,-0.6274186148436023,-2.0238577616654645,-4.07318781656507
1.991991991991992,0.29766664241945195,-0.6474205412545668,-1.9712846762801988,-4.019764682435755
2.002002002002002,0.29108716396995316,-0.666883773527891,-1.9162619585999607,-3.858452081834423
2.012012012012012,0.2843156159223969,-0.6857841440293413,-1.8588618707580409,-3.8225221519484385
2.022022022022022,0.27735775167707344,-0.7040982253949188,-1.799160004454329,-3.6537888612076923
2.032032032032032,0.27021955535393005,-0.7218033633377363,-1.737235174300146,-3.4633058814049273
2.042042042042042,0.2629072338925342,-0.7388777083638907,-1.673169306567452,-3.295830999428347
2.052052052052052,0.2554272088401385,-0.7553002463520997,-1.6070473235215843,-2.9509192603726655
2.062062062062062,0.2477861078394391,-0.7710508279539123,-1.5389570235045582,-2.941518575112035
2.0720720720720722,0.23999075582804813,-0.7861101967726114,-1.4689889569198726,-2.525820021210679
2.0820820820820822,0.23204816596210953,-0.8004600162806366,-1.3972362983068933,-2.502492390749039
2.0920920920920922,0.22396553027688426,-0.814082895437414,-1.323794714698451,-2.243138632003076
2.1021021021021022,0.21575021009749665,-0.8269624129712962,-1.2487622304258252,-2.234401154756204
2.1121121121121122,0.20740972621339485,-0.8390831402907839,-1.1722390885754237,-2.031827218709612
2.1221221221221223,0.19895174883041392,-0.8504306629928262,-1.0943276093007697,-1.721323377284993
2.1321321321321323,0.19038408731463957,-0.8609916009374459,-1.0151320451742478,-1.5665970165254675
2.1421421421421423,0.18171467974257716,-0.8707536268601785,-0.9347584338060813,-1.3716862643399155
2.1521521521521523,0.17295158227239377,-0.8797054834961262,-0.853314447918379,-1.1857510052519842
2.1621621621621623,0.16410295835126332,-0.8878369991908768,-0.7709092430988207,-0.8535520834032567
2.1721721721721723,0.15517706777407791,-0.8951391019765831,-0.6876533034585037,-0.6725282907812387
2.1821821821821823,0.1461822556089894,-0.9016038320929489,-0.6036582853899901,-0.44641533299189334
2.1921921921921923,0.1371269410054503,-0.9072243529353416,-0.519036859676909,-0.2993735916342771
2.2022022022022023,0.12801960590057415,-0.911994960414809,-0.4339025521571287,-0.18706518775217773
2.2122122122122123,0.11886878363978846,-0.9159110907162651,-0.34836958316840594,0.07781530306380363
2.2222222222222223,0.10968304752787617,-0.9189693264442065,-0.2625527060282806,0.15624910703792683
2.2322322322322323,0.10047099932659115,-0.9211674011472617,-0.17656704474538287,0.4988334054728382
2.2422422422422423,0.09124125771511818,-0.9225042022148848,-0.09052793121154679,0.6310831185720207
2.2522522522522523,0.08200244672969657,-0.9229797721424879,-0.00455074210823625,0.8658647362747006
2.2622622622622623,0.07276318419875205,-0.9225953081629976,0.08124926425550427,1.0202874222223417
2.2722722722722724,0.06353207018989682,-0.9213531602454808,0.16675711091779988,1.2742501774941337
2.2822822822822824,0.05431767548512882,-0.9192568274639425,0.2518582648449126,1.551318575786734
2.2922922922922924,0.045128530100528606,-0.9163109527410782,0.3364387988772677,1.829013449641129
2.3023023023023024,0.03597311186668883,-0.9125213159749082,0.4203855527955298,1.8246369273125855
2.3123123123123124,0.026859835086015936,-0.9078948255579845,0.5035862933036555,1.99985128273251
2.3223223223223224,0.017797039282945397,-0.9024395083011614,0.5859298726802393,2.217399319578716
2.3323323323323324,0.008792978062969671,-0.8961644977765982,0.6673063858845723,2.5276074772029635
2.3423423423423424,-0.00014419190377328028,-0.8890800210962649,0.7476073258910318,2.618091259037909
2.3523523523523524,-0.009006421758777368,-0.8811973841451463,0.8267257370214551,2.8114306841431818
2.3623623623623624,-0.017785781175948374,-0.8725289552900297,0.9045563660776139,3.0198964518027798
2.3723723723723724,-0.026474468911730907,-0.8630881475870359,0.9809958110331394,3.1319230665081794
2.3823823823823824,-0.03506482316968282,-0.8528893995135904,1.055942667094456,3.2549119177276116
2.3923923923923924,-0.043549331764855835,-0.8419481542518115,1.1292976699230906,3.402026418614223
2.4024024024024024,-0.051920642073622986,-0.8302808375531683,1.200963835787931,3.4958770874730796
2.4124124124124124,-0.06017157075490925,-0.8179048342160171,1.2708465984826063,3.8735213642140813
2.4224224224224224,-0.0682951132290988,-0.8048384632091721,1.3388539427996662,3.563201290201829
2.4324324324324325,-0.07628445290123902,-0.7911009514772851,1.404896534359743,3.8566098118141183
2.4424424424424425,-0.08413297011553092,-0.7767124064652333,1.4688878456305048,4.104302286669846
2.4524524524524525,-0.09183425082847091,-0.7616937874005982,1.5307442779436258,4.337817215366375
2.4624624624624625,-0.09938209498841577,-0.7460668753752708,1.590385279343252,4.233512224827349
2.4724724724724725,-0.10677052460975761,-0.7298542422686012,1.6477334580935405,4.35457642166977
2.4824824824824825,-0.1139937915303297,-0.7130792185565813,1.7027146916815639,4.578294537295598
2.4924924924924925,-0.12104638484112058,-0.6957658600527541,1.7552582311731442,4.612977628372132
2.5025025025025025,-0.12792303797783228,-0.6779389136281901,1.8052968007548245,4.713336713224552
2.5125125125125125,-0.13461873546430758,-0.6596237819595645,1.852766692335436,4.815315143138082
2.5225225225225225,-0.14112871929834409,-0.6408464873552084,1.8976078550711044,4.788366648692622
2.5325325325325325,-0.14744849497091836,-0.6216336347108937,1.9397639796740016,4.9120557250179315
2.5425425425425425,-0.15357383711037398,-0.6020123736480212,1.9791825773999605,4.89603461316318
2.5525525525525525,-0.1595007947436515,-0.5820103598880717,2.015815053592398,5.070553983765168
2.5625625625625625,-0.16522569616719224,-0.5616557159184437,2.049616775687362,5.051140510794691
2.5725725725725725,-0.17074515342069743,-0.5409769910054418,2.080547135574811,5.000010800741867
2.5825825825825826,-0.17605606635749135,-0.5200031206116407,2.108569606225114,5.0686384814870165
2.5925925925925926,-0.18115562630581533,-0.49876338527520936,2.133651792516421,5.202229052386708
2.6026026026026026,-0.18604131931595402,-0.47728736900971036,2.1557654761735527,5.2330133024081675
2.6126126126126126,-0.19071092898869244,-0.45560491728374686,2.1748866547598453,5.330569373345135
2.6226226226226226,-0.19516253888119417,-0.4337460946401439,2.1909955746710708,5.430718062514392
2.6326326326326326,-0.1993945344869936,-0.41174114201505674,2.204076758080504,5.434447162447567
2.6426426426426426,-0.20340560478740152,-0.3896204338177114,2.2141190237962647,5.3006487486750045
2.6526526526526526,-0.20719474337223306,-0.36741443483194836,2.2211155020045332,5.3666762950461555
2.6626626626626626,-0.21076124912838146,-0.3451536570008038,2.2250636428775223,5.347653135730961
2.6726726726726726,-0.21410472649537227,-0.3228686161557217,2.2259652190292076,5.125190161474551
2.6826826826826826,-0.21722508528765516,-0.30058978875197084,2.2238263218231555,5.327353848760023
2.6926926926926926,-0.2201225400840003,-0.2783475686717747,2.218657351530956,5.19554362172273
2.7027027027027026,-0.22279760918498798,-0.25617222415675656,2.2104730013592224,5.057350732896846
2.7127127127127126,-0.22525111314019164,-0.23409385493084933,2.199292235369116,5.056531807998265
2.7227227227227226,-0.22748417284726724,-0.21214234957479228,2.185138260313659,4.955461766624948
2.7327327327327327,-0.22949820722577308,-0.19034734321285818,2.168038491444227,5.018761225219111
2.7427427427427427,-0.2312949304691463,-0.16873817557190485,2.1480245123250956,4.9292019817437325
2.7527527527527527,-0.23287634887886427,-0.14734384947261603,2.125132028712084,4.920196159228351
2.7627627627627627,-0.23424475728541488,-0.1261929898119032,2.0994008165762486,4.8919411617047865
2.7727727727727727,-0.23540273506128473,-0.10531380309471317,2.0708746643285174,4.595996772767009
2.7827827827827827,-0.23635314173175548,-0.08473403757309406,2.039601309334773,4.727057025696935
2.7927927927927927,-0.23709911218987523,-0.06448094404897198,2.0056323688222157,4.577017726504897
2.8028028028028027,-0.2376440515225257,-0.04458123739647313,1.9690232652565633,4.421863696795283
2.8128128128128127,-0.23799162945506988,-0.025061058858650398,1.9298331463109566,4.38710595759409
2.8228228228228227,-0.23814577442259877,-0.0059459391720295685,1.8881247995338368,4.351155329969003
2.8328328328328327,-0.23811066727633173,0.012739237428313288,1.8439645618409068,4.145462808625133
2.8428428428428427,-0.23789073463424415,0.030970268272232815,1.797422223960269,4.016677174340778
2.8528528528528527,-0.23749064188549623,0.048723666336426774,1.748570929958077,4.01202430274052
2.8628628628628627,-0.2369152858587401,0.06597669329641853,1.697487072009637,3.9612940643824666
2.8728728728728727,-0.2361697871648472,0.08270739150178485,1.6442501805393892,3.672281535974675
2.8828828828828827,-0.23525948222507076,0.09889461482873863,1.5889428098993301,3.485057437438164
2.8928928928928928,-0.2341899149961037,0.11451805836663631,1.5316504197573835,3.4121291795811795
2.9029029029029028,-0.23296682840391686,0.1295582868959535,1.4724612523455827,3.280261191499666
2.9129129129129128,-0.23159615549868723,0.14399676211729862,1.411466205762217,3.205872674495279
2.9229229229229228,-0.2300840103435105,0.15781586859289476,1.3487587034917157,3.090374809583716
2.932932932932933,-0.2284366786499806,0.17099893836337898,1.2844345603349172,3.0252054247373827
2.942942942942943,-0.2266606081740735,0.1835302742052054,1.2185918449549469,2.9909501086040007
2.952952952952953,-0.22476239888611263,0.19539517149561014,1.151330739207193,2.6119431431800786
2.962962962962963,-0.2227487929289161,0.20657993865379787,1.0827533944700765,2.3261882487369405
2.972972972972973,-0.2206266643785291,0.21707191612964571,1.012963785188651,2.194452168033804
2.982982982982983,-0.21840300882221653,0.2268594939128299,0.9420675598188026,2.055150103438696
2.992992992992993,-0.21608493276866264,0.23593212753742954,0.8701718894058565,1.8680773688342465
3.003003003003003,-0.21367964290555125,0.2442803525595938,0.7973853139976477,1.734691873551691
3.013013013013013,-0.211194435219922,0.2518957974873324,0.723817587115132,1.530725462407914
3.023023023023023,-0.20863668399689597,0.2587711951444813,0.6495795185124162,1.3460285265522303
3.033033033033033,-0.206013830712525,0.26490039245254593,0.5747828154317407,0.9904147051051649
3.043043043043043,-0.20333337283668482,0.2702783586165882,0.49953992259842295,0.868942110878424
3.053053053053053,-0.20060285256204274,0.2749011917037656,0.4239638611673122,0.6599956434341985
3.063063063063063,-0.19782984547524807,0.2787661236049228,0.3481680668605467,0.4335012897798234
3.073073073073073,-0.19502194918656882,0.2818715233726454,0.2722662275293768,0.5097001971943431
3.083083083083083,-0.19218677193425418,0.28421689893083624,0.19637212035627272,0.2745008649443977
3.093093093093093,-0.18933192117994546,0.2858028971535518,0.12059944895102603,0.14458270130367334
3.103103103103103,-0.18646499221146035,0.2866313023132392,0.04506168055481119,-0.267453601119924
3.113113113113113,-0.18359355676927003,0.28670503290039484,-0.030128116413884243,-0.2935570627568423
3.123123123123123,-0.18072515171295395,0.2860281368194677,-0.10485743422104044,-0.5824327565808636
3.133133133133133,-0.17786726774385525,0.2846057849680417,-0.17901448688140142,-0.7295050718740016
3.143143143143143,-0.17502733820008026,0.28244426320822846,-0.2524883701849987,-0.8867469976813308
3.153153153153153,-0.1722127279398867,0.27955096274211577,-0.32516922044917784,-0.9964646822848381
3.163163163163163,-0.16943072232936723,0.2759343689049416,-0.3969483717886533,-1.3264753271633412
3.173173173173173,-0.1666885163501982,0.2716040483919926,-0.467718511657754,-1.4163680214752934
3.183183183183183,-0.16399320384304106,0.2665706349378194,-0.5373738344636187,-1.4537739580583338
3.193193193193193,-0.1613517669019936,0.260845813467796,-0.6058101930244639,-1.7014814253940835
3.203203203203203,-0.15877106543527736,0.25444230274513746,-0.6729252476417287,-1.8840278038192035
3.2132132132132134,-0.15625782690709583,0.24737383653803136,-0.7386186126028615,-2.0502140977720367
3.2232232232232234,-0.1538186362753567,0.23965514333366844,-0.8027919998791759,-2.390846655219535
3.2332332332332334,-0.15145992613965503,0.23130192462853838,-0.8653493598294002,-2.479146164321358
3.2432432432432434,-0.1491879671136242,0.22233083182557234,-0.9261970187090451,-2.5696336935696134
3.2532532532532534,-0.14700885843543937,0.2127594417715004,-0.985243812774355,-2.654196370498829
3.2632632632632634,-0.14492851882991048,0.20260623096922892,-1.0424012188104292,-2.9506179505057473
3.2732732732732734,-0.1429526776352546,0.19189054850202236,-1.097583480879189,-3.056679001566089
3.2832832832832834,-0.14108686620724736,0.1806325877083843,-1.1507077331200666,-2.892903928059612
3.2932932932932935,-0.13933640961306473,0.1688533566477668,-1.201694118424589,-3.138070639314038
3.3033033033033035,-0.13770641862671149,0.1565746473995837,-1.2504659028082328,-3.2565264623151897
3.3133133133133135,-0.1362017820374975,0.14381900423919358,-1.2969495853286306,-3.363663836050833
3.3233233233233235,-0.1348271592825835,0.13060969073634787,-1.3410750033807215,-3.50890184292969
3.3333333333333335,-0.1335869734141472,0.11697065582316313,-1.3827754332352882,-3.913899182510193
3.3433433433433435,-0.1324854044112489,0.10292649887978556,-1.4219876856643126,-3.578222911907236
3.3533533533533535,-0.1315263828459833,0.08850243388794166,-1.4586521965109531,-3.9744621767761146
3.3633633633633635,-0.13071358391299182,0.07372425270339011,-1.492713112100053,-3.855640389991152
3.3733733733733735,-0.13005042183090043,0.058618287499552224,-1.5241183693455485,-3.9811904000013842
3.3833833833833835,-0.1295400446237115,0.04321137243621198,-1.5528197704426028,-3.8886989122013684
3.3933933933933935,-0.12918532928963491,0.027530804607808435,-1.5787730520511798,-4.269006907505099
3.4034034034034035,-0.1289888773642959,0.011604304327079262,-1.6019379488574346,-4.276898420822992
3.4134134134134135,-0.12895301088468838,-0.004540025199147202,-1.6222782514312932,-4.26153465042934
3.4234234234234235,-0.12907976875967422,-0.020873738744618286,-1.6397618582980562,-4.35604226893672
3.4334334334334335,-0.1293709035522483,-0.03736809043033951,-1.6543608221417758,-4.4015363455631995
3.4434434434434436,-0.12982787867819953,-0.05399407552423341,-1.666051390083397,-4.409784906223499
3.4534534534534536,-0.13045186602520595,-0.07072247261419129,-1.674814037970577,-4.608025828961444
3.4634634634634636,-0.13124374399580097,-0.08752388609421491,-1.680633498634505,-4.337416674665708
3.4734734734734736,-0.13220409597704208,-0.10436878890317036,-1.683498784071987,-4.599679860362067
3.4834834834834836,-0.1333332092391077,-0.12122756545501545,-1.683403201515687,-4.6146844675682
3.4934934934934936,-0.13463107426442977,-0.1380705546992802,-1.68034436337852,-4.283764808282821
3.5035035035035036,-0.13609738450836253,-0.1548680932503812,-1.6743241910528992,-4.302740888438665
3.5135135135135136,-0.13773153659176474,-0.17159055852416305,-1.6653489125603471,-4.4493493787967
3.5235235235235236,-0.1395326309252627,-0.1882084118201579,-1.6534290540540066,-4.102450040915952
3.5335335335335336,-0.14149947276434047,-0.204692241288007,-1.6385794251869115,-4.322176839530276
3.5435435435435436,-0.14363057369379137,-0.22101280471679274,-1.6208190983659438,-4.3129178021724615
3.5535535535535536,-0.14592415353945143,-0.237141072086124,-1.6001713819238663,-4.067305356461389
3.5635635635635636,-0.14837814270452457,-0.25304826781837164,-1.5766637872448506,-4.15684788520367
3.5735735735735736,-0.15099018492720662,-0.2687059126716065,-1.550327989885469,-4.064500213913907
3.5835835835835836,-0.1537576404557079,-0.2840858652134761,-1.5211997847613468,-4.119812061290241
3.5935935935935936,-0.1566775896361851,-0.2991603628169788,-1.4893190354468153,-4.000574259372738
3.6036036036036037,-0.15974683690850025,-0.31390206211931826,-1.4547296176649542,-3.8929665855978794
3.6136136136136137,-0.1629619152041394,-0.32828407888634725,-1.417479357059312,-3.7752459979741353
3.6236236236236237,-0.16631909074005877,-0.3422800272256108,-1.3776199613144193,-3.5276304524584305
3.6336336336336337,-0.16981436820164914,-0.3558640580918411,-1.3352069467439662,-3.655060623735771
3.6436436436436437,-0.17344349630746297,-0.36901089703029477,-1.2902995594386653,-3.4742469604111523
3.6536536536536537,-0.1772019737478012,-0.3816958811036262,-1.2429606910806328,-3.1873222025243053
3.6636636636636637,-0.18108505548871676,-0.39389499494982694,-1.1932567895649875,-3.144038020724767
3.6736736736736737,-0.18508775943248243,-0.40558490591974206,-1.1412577645318116,-3.373845143274527
3.6836836836836837,-0.18920487342504794,-0.41674299824375716,-1.087036887961066,-2.9092203663450276
3.6936936936936937,-0.1934309626005256,-0.42734740617922284,-1.030670689962907,-2.68590053633066
3.7037037037037037,-0.19776037705225957,-0.43737704609086236,-0.9722388499074626,-2.589662359274682
3.7137137137137137,-0.20218725981956187,-0.44681164741861146,-0.9118240830698596,-2.349153733010547
3.7237237237237237,-0.2067055551787583,-0.4556317824886573,-0.8495120229225606,-2.4159073052791435
3.7337337337337337,-0.2113090172267422,-0.4638188951247688,-0.7853910992641033,-2.2692045822287135
3.7437437437437437,-0.21599121874481975,-0.4713553280194702,-0.7195524123551174,-2.072850447706734
3.7537537537537538,-0.2207455603302351,-0.47822434882557197,-0.6520896032247876,-1.6942267543064022
3.7637637637637638,-0.22556527978236873,-0.48441017493087735,-0.5830987203602902,-1.7069686760523801
3.7737737737737738,-0.23044346173025265,-0.489897996880833,-0.5126780829430757,-1.649292926790681
3.7837837837837838,-0.23537304748769072,-0.49467400041522325,-0.4409281408345578,-1.3782969250797765
3.793793793793794,-0.24034684512194882,-0.49872538708773106,-0.3679513315215708,-1.3003508396292118
3.803803803803804,-0.2453575397216793,-0.5020403934386781,-0.29385193420905864,-0.9647950174493196
3.813813813813814,-0.25039770384944987,-0.504608308693518,-0.218735921284388,-0.8023170870132796
3.823823823823824,-0.255459808163992,-0.5064194909618891,-0.1427108073466954,-0.48840504863636
3.833833833833834,-0.26053623219703526,-0.5074653819136721,-0.06588549602491867,-0.26195366458840713
3.843843843843844,-0.2656192752693708,-0.5077385199113369,0.011629875187527006,-0.10972629341475636
3.853853853853854,-0.27070116753059553,-0.5072325515795875,0.08972409187956742,-0.029045825308461958
3.863863863863864,-0.27577408110679996,-0.5059422417956299,0.168285021208046,0.1891860797712501
3.873873873873874,-0.28083014134031786,-0.5038634820859329,0.24719977171599083,0.2098096311499631
3.883883883883884,-0.28586143810551734,-0.5009932974169313,0.32635485424776434,0.46653216546305176
3.893893893893894,-0.29086003718450065,-0.497329851370262,0.4056363437097765,0.8648410136720507
3.903903903903904,-0.2958179916865036,-0.49287244969501387,0.48493004148952323,0.9743124698190088
3.913913913913914,-0.30072735349471114,-0.4876215422313326,0.5641216382727876,1.2166295624129786
3.923923923923924,-0.30558018472416787,-0.48157872320306616,0.643096877022991,1.1811364598911325
3.933933933933934,-0.3103685691744522,-0.47474672987851996,0.7217417159167745,1.402739527350007
3.943943943943944,-0.3150846237607749,-0.46712943960112874,0.7999424909729491,1.4524674557256803
3.953953953953954,-0.3197205099072075,-0.4587318651943768,0.8775860781661926,1.7204964759465176
3.963963963963964,-0.32426844488578743,-0.4495601487469507,0.9545600547898161,1.9655921564466388
3.973973973973974,-0.32872071308532463,-0.43962155378717327,1.0307528598246236,2.189790128899569
3.983983983983984,-0.33306967719383895,-0.4289244558575689,1.10605395310181,2.2895799026458272
3.993993993993994,-0.3373077892786694,-0.41747833150285274,1.1803539730251877,2.5091714834508445
4.004004004004004,-0.3414276017484508,-0.4052937456868939,1.2535448926361354,2.6802239711079356
4.014014014014014,-0.34542177818131004,-0.39238233765628294,1.3255201737726914,2.7269968136492393
4.024024024024024,-0.34928310400383183,-0.3787568052710242,1.3961749191434905,3.045309952406052
4.034034034034034,-0.35300449700555475,-0.36443088782358046,1.4654060220900327,3.3548958932980897
4.044044044044044,-0.3565790176739736,-0.34941934737132385,1.5331123137623273,3.31218298411663
4.054054054054054,-0.35999987933531097,-0.33373794860911943,1.599194707600999,3.5891664424549674
4.064064064064064,-0.3632604580865686,-0.3174034373092418,1.6635563408666254,3.453265099961517
4.074074074074074,-0.36635430250466516,-0.30043351736053836,1.726102712969908,3.8561188653477645
4.084084084084084,-0.3692751431188116,-0.2828468264389734,1.7867418205016161,3.9935676223454797
4.094094094094094,-0.37201690163257256,-0.264662910343489,1.8453842887022134,3.897734813030483
4.104104104104104,-0.37457369988244504,-0.24590219603452468,1.9019434991888797,4.2656718954014075
4.114114114114114,-0.3769398685201506,-0.2265859634127807,1.9563357138024156,4.320684944304343
4.124124124124124,-0.3791099554062244,-0.2067363158783202,2.008480194340322,4.5608174594242
4.134134134134134,-0.3810787337028998,-0.1863761497122738,2.058299318032656,4.575874900097249
4.1441441441441444,-0.38284120965471835,-0.16552912232411288,2.105718688618703,4.716406394069032
4.1541541541541545,-0.3843926300457248,-0.14421961940959704,2.150667242818785,4.708625738281646
4.1641641641641645,-0.3857284893225782,-0.12247272106647955,2.1930773520761058,4.756260373692943
4.1741741741741745,-0.3868445363733821,-0.10031416691558093,2.2328849194405085,4.79228491389551
4.1841841841841845,-0.38773678095251973,-0.0777703202768798,2.270029471413661,4.708877779765168
4.1941941941941945,-0.3884014997422886,-0.05486813145184399,2.3044542446547034,5.062800367884372
4.2042042042042045,-0.38883524204264674,-0.03163510016367255,2.3361062674311857,5.175153234440159
4.2142142142142145,-0.38903483508090064,-0.008099237208977428,2.364936435659309,5.140066023849027
4.2242242242242245,-0.3889973889337174,0.0157109746243016,2.390899583461778,5.243416589164903
4.2342342342342345,-0.3887203010543881,0.039766620317784884,2.4139545481399827,5.364948695610219
4.2442442442442445,-0.3882012603988268,0.06403839300548242,2.434064229442325,5.446528065841743
4.2542542542542545,-0.3874382511443685,0.08849663492123483,2.4511956430671136,5.465289862373734
4.2642642642642645,-0.38642955599599926,0.11311137885267186,2.4653199683180294,5.307189190325246
4.2742742742742745,-0.38517375907524587,0.13785239004271688,2.476412589845281,5.569496645451586
4.2842842842842845,-0.3836697483875364,0.16268920847920398,2.4844531334051716,5.467875742400499
4.2942942942942945,-0.381916717864451,0.18759119151228987,2.4894254955944426,5.605592645777458
4.3043043043043046,-0.379914168977881,0.21252755673935297,2.4913178675212198,5.581573415983919
4.314314314314315,-0.3776619119237232,0.23746742509629826,2.490122752362005,5.623905677412884
4.324324324324325,-0.37516006637335053,0.26237986409394765,2.4858369767992023,5.564933249615931
4.334334334334335,-0.3724090617917123,0.2872339311383243,2.478461696314511,5.71091381291024
4.344344344344345,-0.3694096373215322,0.31199871687301695,2.468002394319747,5.428385051215545
4.354354354354355,-0.3661628412336939,0.336643388482063,2.454468875145107,5.679236343557216
4.364364364364365,-0.3626700299445139,0.361137232891938,2.437875250887757,5.580563834154888
4.374374374374375,-0.3589328666012227,0.3854496998111472,2.4182399221295974,5.669762648985717
4.384384384384385,-0.35495331923758405,0.40955044454618417,2.395585552564313,5.375497839427584
4.394394394394395,-0.35073365850219995,0.4334093705331554,2.3699390375670646,5.296129907545266
4.404404404404405,-0.34627645496264603,0.45699667152450374,2.341331466742499,5.354162420659338
4.414414414414415,-0.3415845759891969,0.4802828733708431,2.3097980805181635,5.355211340775701
4.424424424424425,-0.336661182222489,0.5032388753386812,2.2753782208361812,5.322915690282851
4.434434434434435,-0.33150972363006415,0.5258359909051009,2.2381152760083403,5.259443205184857
4.444444444444445,-0.3261339351573218,0.5480459879714807,2.19805661982927,5.429792032197929
4.454454454454455,-0.32053783197898345,0.5698411284392204,2.1552535450206136,5.155730069632422
4.464464464464465,-0.31472570435773783,0.5911942070910126,2.109761191102944,4.794068649908462
4.474474474474475,-0.30870211211730153,0.6120785897225627,2.0616384668017886,5.080560649990293
4.484484484484485,-0.3024718787376665,0.6324682504704278,2.0109479670945056,4.792144156153752
4.494494494494495,-0.29604008508085655,0.6523378082830131,1.9577558850250618,4.849940111790277
4.504504504504505,-0.2894120627560246,0.6716625624829415,1.9021319183900829,4.5505589100252415
4.514514514514515,-0.2825933871332501,0.6904185273699017,1.844149171455257,4.6799640952279375
4.524524524524525,-0.2755898700158864,0.708582465815379,1.783884051836047,4.307257969537851
4.534534534534535,-0.26840755198179106,0.7261319218010538,1.7214161626587199,4.447773213859202
4.544544544544545,-0.2610526944042537,0.7430452518545927,1.6568281902043367,4.2670659802761834
4.554554554554555,-0.2535317711638813,0.7593016553386782,1.5902057871704542,3.9136812692821468
4.564564564564565,-0.24585146006313907,0.7748812035496968,1.5216374516914115,3.839819416435313
4.574574574574575,-0.23801863395567918,0.7897648675847524,1.45121440234346,3.902765455203707
4.584584584584585,-0.23004035160298386,0.8039345449379542,1.3790304492790852,3.8085761153954025
4.594594594594595,-0.22192384827123568,0.8173730847875369,1.3051818616622697,3.201824707116959
4.604604604604605,-0.21367652608171184,0.8300643119381999,1.229767231625253,3.494817078022904
4.614614614614615,-0.20530594412832875,0.841993049384639,1.1528873349236974,3.189920445866697
4.624624624624625,-0.1968198083763137,0.8531451394641998,1.0746449884911016,2.9311648189159194
4.634634634634635,-0.1882259613562727,0.863507463568645,0.9951449050775878,2.790482143009178
4.644644644644645,-0.17953237166823272,0.873067960386674,0.9144935452161747,2.637621742058946
4.654654654654655,-0.17074712331049346,0.881815642652052,0.8327989667115716,2.5295075558748223
4.664664664664665,-0.16187840484837182,0.8897406123728917,0.7501706718270782,2.258992619675726
4.674674674674675,-0.1529344984381633,0.8968340745204619,0.6667194524550553,1.9542523311168574
4.684684684684685,-0.14392376872183604,0.9030883491587787,0.58255723345615,2.1984407358829228
4.694694694694695,-0.13485465160815774,0.9084968819970616,0.49779691436584983,1.8183088142964337
4.704704704704705,-0.1257356429561291,0.9130542533502872,0.41255220973472007,1.4317786439289266
4.714714714714715,-0.11657528717672055,0.9167561854952542,0.3269374883246172,1.2017204454798693
4.724724724724725,-0.10738216576903695,0.9195995484118411,0.2410676113688197,1.1099822446308065
4.734734734734735,-0.09816488580711413,0.9215823639010363,0.15505777012040056,0.8853896471862127
4.744744744744745,-0.08893206839364082,0.9227038080739112,0.0690233229636874,0.7568986185838729
4.754754754754755,-0.07969233709692573,0.9229642122086177,-0.01692036771306249,0.6445367930074921
4.764764764764765,-0.07045430638746229,0.9223650619735495,-0.10265809867302522,0.5082530870203663
4.774774774774775,-0.06122657009044827,0.9209089950179665,-0.18807498872041606,0.1520505674381744
4.784784784784785,-0.052017689870586095,0.9185997969341018,-0.2730566411310491,-0.004409751378151668
4.794794794794795,-0.04283618376544123,0.9154423955959234,-0.3574893054207493,-0.31654811596046845
4.804804804804805,-0.03369051478358063,0.9114428538826354,-0.441260038155427,-0.3546127617591833
4.814814814814815,-0.024589079583606697,0.9066083607980171,-0.5242568626087944,-0.6631360884466079
4.824824824824825,-0.015540197250086797,0.9009472209975744,-0.6063689270673223,-0.7947308781336766
4.834834834834835,-0.006552098182253864,0.8944688427386112,-0.6874866615112083,-0.908399012166619
4.844844844844845,0.002367086888824331,0.8871837242706233,-0.7675019324571437,-1.2290851535918499
4.854854854854855,0.011209337739079929,0.8791034386854151,-0.8463081957659995,-1.4734279810986464
4.864864864864865,0.019966755330974778,0.870240617248281,-0.9238006471943265,-1.4863421559845855
4.874874874874875,0.028631572318625086,0.8606089312340773,-0.9998763704404752,-1.8708237319760581
4.884884884884885,0.037196163363689035,0.8502230722945177,-1.0744344825094103,-1.9134642996766233
4.894894894894895,0.04565305524744425,0.839098731384039,-1.1473762761999424,-2.1916539794270005
4.904904904904905,0.05399493676477089,0.8272525762744989,-1.2186053594612076,-2.2684688597995826
4.914914914914915,0.062214668386072855,0.814702227691122,-1.288027791457175,-2.6491017168669226
4.924924924924925,0.07030529167350205,0.801466234103184,-1.355552215163101,-2.595989853684122
4.934934934934935,0.07826003843818864,0.7875640452053743,-1.4210899862536763,-2.952451392356495
4.944944944944945,0.08607233962556159,0.7730159841281354,-1.4845552981286545,-3.048869585333742
4.954954954954955,0.09373583391622939,0.7578432184160118,-1.5458653029171572,-3.0339154011233336
4.964964964964965,0.10124437603028655,0.7420677298154796,-1.6049402282537315,-3.304951030597902
4.974974974974975,0.10859204472334609,0.7257122829154365,-1.6617034896674099,-3.529990360802311
4.984984984984985,0.11577315046302802,0.7088003926850011,-1.7160817984376706,-3.4260051784862577
4.994994994994995,0.12278224277509786,0.6913562909547224,-1.768005264771844,-3.7620407128913054
5.005005005005005,0.12961411724890834,0.6734048918887678,-1.817407496118122,-3.8550999410703732
5.015015015015015,0.1362638221922904,0.6549717564979032,-1.8642256904997758,-4.061385176143072
5.025025025025025,0.14272666492654404,0.6360830562431268,-1.9084007247653965,-4.172717544059423
5.035035035035035,0.14899821771267333,0.6167655357818793,-1.949877237571716,-4.134516185409797
5.045045045045045,0.15507432330055562,0.5970464749103597,-1.9886037070129596,-4.290477368643248
5.055055055055055,0.16095110009326108,0.5769536497555938,-2.024532522799973,-4.49456886012746
5.065065065065065,0.16662494691928623,0.5565152932727226,-2.0576200528595656,-4.596057557752707
5.075075075075075,0.1720925474060283,0.5357600551037507,-2.087826704267865,-4.546767424915052
5.085085085085085,0.17735087394839033,0.5147169608549476,-2.115116978435264,-4.69934013920334
5.095095095095095,0.18239719126698822,0.49341537085079246,-2.139459520470414,-4.711140916507522
5.105105105105105,0.18722905955100883,0.4718849384231074,-2.160827162636611,-4.686437948740012
5.115115115115115,0.19184433718136473,0.45015556779500443,-2.1791969618457863,-4.859846260399395
5.125125125125125,0.1962411830303883,0.42825737161938804,-2.194550231148959,-4.910761412853043
5.135135135135135,0.20041805833490606,0.40622062823246274,-2.2068725651633407,-4.998205477122062
5.145145145145145,0.2043737281401473,0.384075738683185,-2.2161538593986556,-5.101413318687772
5.155155155155155,0.2081072623125474,0.3618531835998571,-2.2223883234687847,-4.987067058052617
5.165165165165165,0.2116180361201244,0.3395834799550812,-2.2255744881667905,-5.158691766997711
5.175175175175175,0.21490573037971616,0.3172971377907121,-2.2257152063815457,-5.146392638167039
5.185185185185185,0.21797033117098952,0.2950246169644597,-2.2228176478660107,-5.184008879962008
5.195195195195195,0.2208121291177434,0.2727962839795808,-2.2168932878616534,-5.046360490675707
5.205205205205205,0.2234317182376478,0.25064236895922143,-2.2079578895960967,-5.217210566158101
5.215215215215215,0.22582999436217224,0.22859292282650578,-2.1960314806810395,-5.028707440826388
5.225225225225225,0.22800815312906933,0.20667777475139282,-2.1811383234353148,-5.031903151731841
5.235235235235235,0.22996768755038832,0.1849264899248979,-2.1633068791874273,-4.998557677728243
5.245245245245245,0.2317103851595978,0.1633683277206135,-2.1425697666046,-4.82671295138354
5.255255255255255,0.2332383247419922,0.1420322003031842,-2.118963714096296,-4.782187325886577
5.265265265265265,0.23455387265315505,0.1209466317427097,-2.092529506383376,-4.86099896949645
5.275275275275275,0.2356596787308352,0.10013971769290642,-2.0633119252915355,-4.700803481604664
5.285285285285285,0.2365586718061662,0.07963908569082712,-2.0313596848442415,-4.715640585733047
5.295295295295295,0.2372540548207417,0.05947185613446315,-1.9967253607855373,-4.384408037349769
5.305305305305305,0.2377492995566059,0.03966460399341898,-1.9594653145996919,-4.4082071591843235
5.315315315315315,0.2380481409867761,0.020243321307642503,-1.919639612132048,-4.452036831421409
5.325325325325325,0.23815457125445658,0.0012333805273119225,-1.8773119369542655,-4.41612761386404
5.335335335335335,0.23807283328962517,-0.017340501254004437,-1.8325494985878112,-4.0855942547342465
5.345345345345345,0.23780741407219422,-0.03545429712209369,-1.785422935707072,-3.7145066093174615
5.355355355355355,0.2373630375514451,-0.053084704171062924,-1.7360062144532304,-3.6505410413198898
5.365365365365365,0.23674465723193272,-0.07020917629032652,-1.6843765220359201,-3.6919419378228078
5.375375375375375,0.23595744843652366,-0.08680595586347373,-1.630614155754777,-3.516684804912226
5.385385385385385,0.235006800257689,-0.1028541043334652,-1.574802407573629,-3.5201594043513635
5.395395395395395,0.23389830720862648,-0.1183335315906735,-1.5170274444624834,-3.369322856166408
5.405405405405405,0.23263776058620406,-0.1332250241425239,-1.4573781846556741,-3.31325572761937
5.415415415415415,0.2312311395581255,-0.1475102720242205,-1.3959461699732838,-3.018250193039116
5.425425425425425,0.22968460198712054,-0.16117189441225932,-1.332825434426769,-2.886602406340302
5.435435435435435,0.2280044750053275,-0.1741934639046363,-1.268112369300617,-2.814636549235845
5.445445445445445,0.22619724535239308,-0.18655952943329268,-1.2019055848694968,-2.4994678671080504
5.455455455455455,0.22426954949114747,-0.1982556377758975,-1.1343057689460956,-2.4348656998024913
5.465465465465465,0.2222281635150378,-0.20926835363641771,-1.065415542508612,-2.461743895213802
5.475475475475475,0.22007999286178978,-0.21958527826656038,-0.9953393125819989,-1.994424135672175
5.485485485485485,0.2178320618480396,-0.2291950666010223,-0.9241831225506871,-1.6291148837496938
5.495495495495495,0.2154915030399475,-0.23808744288218975,-0.8520545001836837,-1.8210590124767814
5.505505505505505,0.2130655464750228,-0.24625321475284778,-0.7790623035563566,-1.3323230193133806
5.515515515515515,0.21056150875060117,-0.2536842857962309,-0.705316565049376,-1.3821296444527582
5.525525525525525,0.20798678199461776,-0.260373666505588,-0.6309283337186642,-1.2245516438711321
5.535535535535535,0.2053488227344733,-0.26631548366847646,-0.5560095162310681,-0.9017580241545756
5.545545545545545,0.20265514067993354,-0.27150498815185564,-0.48067271655335553,-0.891719646343492
5.555555555555555,0.19991328743613784,-0.275938561076952,-0.4050310746755095,-0.6622953711306185
5.565565565565565,0.19713084516287746,-0.27961371837558957,-0.3291981045998753,-0.4052237070002505
5.575575575575575,0.19431541519638632,-0.28252911372159417,-0.2532875317883345,-0.2722440545240865
5.585585585585585,0.19147460664993263,-0.2846845398328135,-0.17741313029877404,-0.04571033248399059
5.595595595595595,0.1886160250095432,-0.28608092814199004,-0.10168855989597603,0.05327631340271993
5.605605605605605,0.18574726074118408,-0.28672034683773795,-0.026227203333602844,0.37500168395073785
5.615615615615615,0.1828758779257046,-0.2866059972777979,0.04885799599499485,0.5461634994925235
5.625625625625625,0.18000940293782475,-0.28574220877978007,0.12345469573534196,0.6384645590970506
5.635635635635635,0.17715531318536867,-0.2841344317976109,0.19745131538244998,0.8488720819930781
5.645645645645645,0.1743210259248596,-0.28178922949284413,0.2707371960314102,1.0422936211944263
5.655655655655655,0.1715138871694959,-0.278714267712898,0.3432027587729696,1.2350446993000692
5.665665665665665,0.16874116070538214,-0.2749183033912832,0.41473966153974473,1.4722796552901154
5.675675675675675,0.16601001723173248,-0.270411171385776,0.485240954204027,1.5955798057365167
5.685685685685685,0.16332752364060185,-0.26520376977358495,0.554601231670528,1.810391335344029
5.6956956956956954,0.16070063245148053,-0.25930804362460425,0.6227167847498318,1.7454206703449697
5.7057057057057055,0.15813617141588504,-0.25273696727609085,0.6894857486060921,2.0033368520919432
5.7157157157157155,0.15564083330681405,-0.2455045251339918,0.7548082485906455,2.158694376487889
5.7257257257257255,0.15322116590769702,-0.23762569102802988,0.8185865432070365,2.15015256963902
5.7357357357357355,0.1508835622151618,-0.22911640615086792,0.8807251640206406,2.3864274378700214
5.7457457457457455,0.1486342508696416,-0.21999355561220124,0.9411310523534819,2.6932043609532648
5.7557557557557555,0.14647928682753014,-0.21027494364128874,0.9997136925049617,2.83546547599055
5.7657657657657655,0.14442454228823443,-0.19997926747396377,1.05638524134163,2.9628182590086123
5.7757757757757755,0.14247569788911246,-0.18912608996077562,1.111060654091638,3.1675251179011203
5.7857857857857855,0.1406382341809116,-0.17773581093559265,1.1636578061266132,3.4387182469870967
5.7957957957957955,0.1389174233959074,-0.16582963738566825,1.21409761056755,3.2359258410841663
5.8058058058058055,0.13731832152053786,-0.15342955246577183,1.2623041315574284,3.5161702030571047
5.8158158158158155,0.13584576068387993,-0.14055828340053456,1.3082046930520068,3.6786029602385315
5.8258258258258255,0.13450434187287952,-0.12723926832058652,1.3517299829359688,3.6278644718421864
5.8358358358358355,0.1332984279847691,-0.11349662208049516,1.3928141523291524,3.6412193162850444
5.8458458458458455,0.13223213722662336,-0.09935510110678969,1.431394909978975,3.8154458916307625
5.8558558558558556,0.13130933687152005,-0.08484006732616134,1.4674136115524399,3.849940013021935
5.865865865865866,0.13053363738025375,-0.06997745122585997,1.5008153437170932,4.072342364692881
5.875875875875876,0.12990838689702836,-0.054793714098591906,1.531549002918243,3.893648251372305
5.885885885885886,0.1294366661270287,-0.039315809525795054,1.5595673687019618,4.161020536772894
5.895895895895896,0.12912128360321865,-0.023571144154608703,1.5848271714943039,4.072538869309064
5.905905905905906,0.12896477134915865,-0.007587537824207402,1.6072891547537673,4.3353712619137115
5.915915915915916,0.12896938094407537,0.008606816901522762,1.6269181313871144,4.25804180969732
5.925925925925926,0.1291370799958358,0.02498339573709618,1.6436830343569477,4.313428875391324
5.935935935935936,0.1294695490269001,0.0415133841559161,1.657556961412583,4.293185627002343
5.945945945945946,0.129968178777736,0.05816771928889963,1.668517213876834,4.473266137613588
5.955955955955956,0.13063406793158278,0.07491713218147833,1.6765453294324066,4.414391091503941
5.965965965965966,0.13146802126385168,0.09173219034860747,1.6816271088608352,4.485730373996447
5.975975975975976,0.1324705482188422,0.10858334056708063,1.6837526366985545,4.471803265032082
5.985985985985986,0.1336418619158453,0.125440951844074,1.6829162957808697,4.539571739023732
5.995995995995996,0.13498187858609093,0.14227535850063155,1.679116775651167,4.481873966972489
6.006006006006006,0.13649021744138345,0.15905690330856181,1.6723570748188425,4.479805845445176
6.016016016016016,0.1381662009746507,0.1757559806191269,1.6626444968739023,4.3833841524135275
6.026026026026026,0.14000885569201663,0.19234307942215345,1.6499906404573448,4.387345811515606
6.036036036036036,0.14201691327539454,0.20878882627392858,1.6344113830931342,4.609028889823174
6.046046046046046,0.14418881217397717,0.2250640280326266,1.6159268589208988,4.226395869950527
6.056056056056056,0.14652269962239406,0.24113971434041304,1.5945614303535312,4.257328630977534
6.066066066066066,0.14901643408269413,0.256987179791456,1.5703436536969928,4.3573544461261084
6.076076076076076,0.1516675881067075,0.2725780257257382,1.5433062387804775,4.167605361312384
6.086086086086086,0.15447345161474094,0.28788420158886296,1.5134860026632815,4.1925412349264075
6.096096096096096,0.157431035585964,0.3028780457990772,1.4809238174819725,4.074981119261542
6.106106106106106,0.160537076155263,0.31753232606297654,1.445664552495602,4.08884480167275
6.116116116116116,0.16378803911074832,0.3318202790822724,1.407757010437006,3.898630089813738
6.126126126126126,0.16718012478553873,0.3457156495952489,1.367253858248361,3.8396940528223706
6.136136136136136,0.1707092733368794,0.35919272869685415,1.3242115522898352,3.79394769064669
6.146146146146146,0.17437117040509537,0.3722263913828332,1.2786902581439215,3.7278520272861697
6.156156156156156,0.17816125314434356,0.38479213326430006,1.2307537651274068,3.6243795674911916
6.166166166166166,0.18207471661659286,0.3968661064003989,1.1804693956264884,3.3882631811346258
6.176176176176176,0.1861065205397469,0.40842515419776326,1.127907909373974,3.2647015125330836
6.186186186186186,0.19025139638031185,0.41944684532680476,1.0731434028333133,3.044751242915817
6.196196196196196,0.1945038547805238,0.4299095066068386,1.016253203819204,2.9966976105522494
6.206206206206206,0.19885819330937768,0.4397922548126747,0.9573177614766344,2.983239440930739
6.216216216216216,0.20330850452652327,0.44907502735712157,0.8964205318256759,2.962227780818752
6.226226226226226,0.2078486843475583,0.4577386118061817,0.8336478590115952,2.519792178366849
6.236236236236236,0.2124724406988192,0.46576467418418055,0.7690888523984185,2.558379212275502
6.246246246246246,0.21717330244934369,0.47313578602837225,0.7028352597383041,1.9724219474566043
6.256256256256256,0.22194462860729514,0.47983545015491735,0.6349813365675772,2.040160785025963
6.266266266266266,0.22677961776776043,0.48584812509879427,0.5656237119973504,2.1200046934283163
6.276276276276276,0.23167131779846217,0.49115924819290235,0.4948612511233499,2.018653252477884
6.286286286286286,0.23661263574960034,0.49575525725341585,0.42279491424038795,1.837113508494522
6.296296296296296,0.24159634797370574,0.49962361084035756,0.349527613054768,1.453596860463646
6.306306306306306,0.24661511044109896,0.5027528070643221,0.2751640640892852,1.3695748281097813
6.316316316316316,0.2516614692362547,0.5051324009122151,0.1998106395232604,1.2122745163516362
6.326326326326326,0.2567278712201223,0.5067530200677908,0.12357521566102392,1.0561814588077816
6.336336336336336,0.2618066748432175,0.5076063792037271,0.04656701921474138,0.7565604880204709
6.346346346346346,0.26689016109407077,0.5076852927247426,-0.03110352831741281,0.7107299549858174
6.356356356356356,0.2719705445674366,0.5069836859441192,-0.10932496799303948,0.4015718319950262
6.366366366366366,0.2770399846364956,0.5054966046768339,-0.18798496229410588,0.23454248220969598
6.376376376376376,0.2820905967131189,0.5032202232355285,-0.2669704552199228,0.12386789227631304
6.386386386386386,0.2871144635801498,0.5001518508185772,-0.34616783342473667,-0.2462427875408292
6.396396396396396,0.2921036467795569,0.49628993628007834,-0.4254630881924726,-0.3723902197080464
6.406406406406406,0.29705019804021143,0.4916340712751843,-0.5047419779649509,-0.546179712720539
6.416416416416417,0.30194617072901053,0.48618499177627506,-0.5838901912155485,-0.6977082331776499
6.426426426426427,0.30678363130900616,0.4799445779575553,-0.6627935094393216,-0.7907032053395524
6.436436436436437,0.31155467078822086,0.4729158524481605,-0.7413379700431051,-1.1670797050967432
6.446446446446447,0.31625141614280317,0.46510297695569136,-0.8194100288684147,-1.4346201823612594
6.456456456456457,0.3208660416982447,0.45651124726560965,-0.8968967221205233,-1.5123753354509626
6.466466466466467,0.325390780452425,0.4471470866229481,-0.9736858275239015,-1.5425328017052207
6.476476476476477,0.32981793532432974,0.4370180375053714,-1.0496660244074576,-1.8510597404812643
6.486486486486487,0.3341398903123924,0.426132751799976,-1.1247270525152224,-1.829840638420902
6.496496496496497,0.33834912154655145,0.4145009793969585,-1.1987598693497112,-2.3360082337507104
6.506506506506507,0.3424382082182374,0.40213355521639826,-1.271656805777937,-2.289233392835165
6.516516516516517,0.3463998433727056,0.3890423846866895,-1.3433117196907745,-2.5829615324746533
6.526526526526527,0.3502268445483012,0.3752404276950614,-1.413620147505796,-2.743969997676683
6.536536536536537,0.35391216424748156,0.3607416810329198,-1.4824794533163157,-2.889249590382989
6.546546546546547,0.35744890022463593,0.34556115936040044,-1.5497889754240184,-3.059152322390767
6.556556556556557,0.36083030557601814,0.32971487471812466,-1.6154501700711048,-3.2691669323642847
6.566566566566567,0.3640497986173912,0.3132198146142322,-1.679366752209054,-3.6722197768306275
6.576576576576577,0.367100972535262,0.29609391871794344,-1.7414448330282646,-3.6872231019626645
6.586586586586587,0.3699776047979306,0.27835605419324594,-1.8015930540934502,-3.653209832596165
6.596596596596597,0.3726736663129046,0.2600259897070636,-1.8597227179124651,-3.9489249012952685
6.606606606606607,0.37518333031759155,0.24112436814895233,-1.9157479147130658,-3.9346738403624144
6.616616616616617,0.3775009809905613,0.2216726781011964,-1.9695856452594764,-4.296485943741304
6.626626626626627,0.37962122177106894,0.20169322409971358,-2.0211559395466328,-4.351895971892547
6.636636636636637,0.3815388833749399,0.18120909572789046,-2.0703819712017086,-4.489728059648448
6.646646646646647,0.38324903149535106,0.16024413558716688,-2.1171901674083715,-4.497188718059298
6.656656656656657,0.3847469741774858,0.13882290619018534,-2.161510314211456,-4.821310372224281
6.666666666666667,0.38602826885651587,0.11697065582317379,-2.203275657074272,-5.022944494771362
6.676676676676677,0.38708872904882063,0.09471328342593566,-2.242422996496378,-4.785458165667942
6.686686686686687,0.38792443068686494,0.07207730253996303,-2.2788927785895847,-4.930669076419691
6.696696696696697,0.3885317180886597,0.04908980437509314,-2.3126291804934844,-5.048213454827924
6.706706706706707,0.3889072095532332,0.025778420047601003,-2.343580190467768,-5.2907647822966295
6.716716716716717,0.3890478025740972,0.0021712820434061086,-2.371697682581658,-5.116988324394715
6.726726726726727,0.3889506786632113,-0.021703015039118867,-2.396937485886167,-5.418385369518032
6.736736736736737,0.3886133077785192,-0.045815454410771395,-2.419259447959694,-5.4601536837952915
6.746746746746747,0.38803345234868136,-0.0701366376208945,-2.4386274927492346,-5.636680387138613
6.756756756756757,0.38720917088921203,-0.09463682563698228,-2.4550096726166974,-5.587182220382391
6.766766766766767,0.3861388212047978,-0.11928598041602356,-2.4683782145227147,-5.4813010705866745
6.776776776776777,0.3848210631731755,-0.14405380690870828,-2.478709560276436,-5.627331201410385
6.786786786786787,0.3832548611065254,-0.1689097954365728,-2.485984400789543,-5.37002510784327
6.796796796796797,0.38143948568695785,-0.1938232643819724,-2.4901877043094736,-5.396080326880875
6.806806806806807,0.3793745154732526,-0.21876340313045617,-2.4913087385535864,-5.7691452781760475
6.816816816816817,0.37705983797663845,-0.243699315203866,-2.489341086741071,-5.436368799950984
6.826826826826827,0.37449565030400606,-0.2686000615236708,-2.4842826575007884,-5.156004631653819
6.836836836836837,0.37168245936755595,-0.2934347037424203,-2.4761356886154626,-5.487575559350398
6.846846846846847,0.36862108166051416,-0.3181723475820384,-2.4649067446247503,-5.384558425274312
6.856856856856857,0.36531264259914675,-0.34278218611729017,-2.450606708275309,-5.439697091729518
6.866866866866867,0.3617585754319398,-0.36723354294290544,-2.4332507658306533,-5.314374391405212
6.876876876876877,0.3579606197174069,-0.3914959151629489,-2.4128583862652526,-5.352176459021902
6.886886886886887,0.35392081937262154,-0.415539016141409,-2.389453294377333,-5.259739027173765
6.896896896896897,0.3496415202951565,-0.4393328179532858,-2.3630634378437883,-5.218433938830594
6.906906906906907,0.34512536756174494,-0.4628475934756189,-2.3337209482764827,-4.844772086140619
6.916916916916917,0.3403753022075565,-0.48605395805892115,-2.301462096332479,-5.184740481692053
6.926926926926927,0.33539455759059533,-0.5089229107195123,-2.2663272409416564,-4.793725446038114
6.936936936936937,0.330186655346305,-0.5314258747944898,-2.2283607727187302,-4.7918137695843965
6.946946946946947,0.32475540093805305,-0.5535347380011686,-2.187611051648698,-4.583740080008877
6.956956956956957,0.3191048788097451,-0.5752218918445138,-2.144130339132186,-4.536816252579831
6.966966966966967,0.31323944714737206,-0.5964602703161273,-2.0979747244731826,-4.256913019111991
6.976976976976977,0.30716373225686966,-0.6172233878299629,-2.0492040459431493,-4.27168954350417
6.986986986986987,0.30088262256619164,-0.6374853763410151,-1.9978818065114048,-3.971347039458922
6.996996996996997,0.29440126226005253,-0.6572210215939549,-1.9440750843493966,-3.828573634841619
7.007007007007007,0.28772504455630266,-0.6764057984501122,-1.8878544382761149,-3.9197638475550325
7.017017017017017,0.2808596046334237,-0.6950159052431264,-1.8292938082558123,-3.615710717248172
7.027027027027027,0.2738108122191029,-0.7130282971138922,-1.7684704110636886,-3.5702077092250395
7.037037037037037,0.2665847638503628,-0.7304207182774345,-1.705464631322151,-3.1249787459713803
7.047047047047047,0.2591877748161513,-0.7471717331763976,-1.6403599080360465,-3.169403234655772
7.057057057057057,0.25162637079377825,-0.7632607564763543,-1.5732426167577032,-2.951697369435805
7.067067067067067,0.24390727919099908,-0.7786680818602356,-1.5042019476014943,-2.8128456917529054
7.077077077077077,0.23603742020598573,-0.7933749095814893,-1.4333297792749988,-2.605410347150489
7.087087087087087,0.22802389761779607,-0.8073633727366119,-1.3607205492492298,-2.421267691026957
7.097097097097097,0.2198739893203679,-0.8206165622191115,-1.2864711203102885,-2.271237165142265
7.107107107107107,0.21159513761340948,-0.8331185503204015,-1.2106806436874464,-2.0091080157660106
7.117117117117117,0.2031949392639034,-0.8448544129435849,-1.1334504189069747,-1.6977244088748868
7.127127127127127,0.19468113535227666,-0.8558102503986191,-1.0548837505858302,-1.6173136736988536
7.137137137137137,0.1860616009175847,-0.865973206749107,-0.9750858023990432,-1.3644951339675364
7.147147147147147,0.17734433441635858,-0.8753314876838854,-0.8941634484087544,-1.1450407835931846
7.157157157157157,0.16853744700999942,-0.8838743768874204,-0.8122251219341905,-1.0109338256925489
7.167167167167167,0.15964915169588972,-0.891592250885771,-0.7293806622380501,-0.8101615399792853
7.177177177177177,0.1506877522975716,-0.8984765923476417,-0.6457411592176641,-0.5713644130500736
7.187187187187187,0.14166163232957057,-0.9045200018210595,-0.5614187962913704,-0.5741551465655875
7.197197197197197,0.13257924375260544,-0.9097162078890104,-0.4765266917592612,-0.06997263715347929
7.207207207207207,0.1234490956350959,-0.9140600757301538,-0.3911787388538741,-0.02042513967882338
7.217217217217217,0.11427974273698674,-0.9175476140722711,-0.30548944465013506,0.3118378162357993
7.227227227227227,0.10507977403204743,-0.9201759805279544,-0.21957376812490992,0.4393357679259761
7.237237237237237,0.09585780118487555,-0.9219434853060031,-0.1335469576038193,0.7449688478457357
7.247247247247247,0.08662244699889422,-0.9228495932927956,-0.04752438777603629,0.6538994220377495
7.257257257257257,0.07738233385168646,-0.9228949245007185,0.038378603477283946,1.1316375001055934
7.267267267267267,0.06814607213401498,-0.9220812528828399,0.12404687817091542,1.0625759578584866
7.277277277277277,0.05892224870888686,-0.9204115035163158,0.20936566101298126,1.2390450734963343
7.287287287287287,0.04971941540696162,-0.9178897481578554,0.29422070171654013,1.4941062442120596
7.297297297297297,0.04054607757459547,-0.9145211991776463,0.37849843652416837,1.6761675565119225
7.307307307307307,0.03141068269069243,-0.9103122018810952,0.4620861487521779,1.8808713053620558
7.317317317317317,0.022321609068467446,-0.9052702252286537,0.5448721281502529,2.1626943602227287
7.327327327327327,0.013287154658086754,-0.8994038509671762,0.6267458288145349,2.3756027755777707
7.337337337337337,0.004315525966021479,-0.8927227611883228,0.7075980254120608,2.4976309631964075
7.347347347347347,-0.004585172893231015,-0.8852377243323002,0.7873209675479274,2.664609326950475
7.357357357357357,-0.013406950997588131,-0.8769605796558317,0.8658085320468913,2.7466213621014175
7.367367367367367,-0.02214194125470912,-0.8679042201872172,0.9429563728711727,3.0695283451217583
7.377377377377377,-0.030782410861196076,-0.8580825741929454,1.0186620685210315,3.200431101553275
7.387387387387387,-0.039320771568882196,-0.8475105851817912,1.09282526671781,3.3373428951624398
7.397397397397397,-0.04774958974371442,-0.8362041904748712,1.1653478261068315,3.548814889486322
7.407407407407407,-0.05606159620301374,-0.8241802983728457,1.2361339548104695,3.7333004325208425
7.4174174174174174,-0.06424969581724485,-0.8114567639521391,1.3050903456641691,3.8128422952943675
7.4274274274274275,-0.07230697686271623,-0.7980523635247141,1.3721263078817927,3.9688854349234286
7.4374374374374375,-0.08022672011203391,-0.7839867677983494,1.43715389499598,4.050342125768028
7.4474474474474475,-0.08800240764946997,-0.7692805137750449,1.5000880289103122,4.014371453880294
7.4574574574574575,-0.0956277313988216,-0.7539549754277726,1.560846619857493,4.131447079330444
7.4674674674674675,-0.10309660135172767,-0.7380323331973173,1.619350682077254,4.376117809822186
7.4774774774774775,-0.11040315348485398,-0.7215355423531529,1.6755244451001232,4.452129924294127
7.4874874874874875,-0.11754175735479379,-0.7044883002623799,1.7292954604617918,4.5046364201514475
7.4974974974974975,-0.1245070233599767,-0.6869150126141781,1.780594703651552,4.652724123559154
7.5075075075075075,-0.13129380965938192,-0.6688407586477343,1.8293566712030724,4.6761358805720645
7.5175175175175175,-0.1378972287383097,-0.6502912554329354,1.8755194727833917,4.72973970969902
7.5275275275275275,-0.14431265361199325,-0.6312928212546733,1.9190249181191206,4.989650249814961
7.5375375375375375,-0.15053572365832318,-0.6118723381532734,1.9598185986545502,5.059143887135886
7.5475475475475475,-0.15656235007151822,-0.5920572136740017,1.997849963842583,4.926098009707686
7.5575575575575575,-0.16238872092907394,-0.5718753418801485,2.033072391924925,4.892781168253344
7.5675675675675675,-0.16801130586491458,-0.5513550636855147,2.0654432551215187,5.174522595712907
7.5775775775775776,-0.17342686034219737,-0.5305251265624005,2.0949239791458503,5.265852186687634
7.587587587587588,-0.1786324295198175,-0.5094146436825948,2.121480096938182,5.231971131040318
7.597597597597598,-0.18362535170721428,-0.48805305254962406,2.145081296550309,5.19500353553192
7.607607607607608,-0.18840326140269287,-0.46647007318108713,2.1657014631282543,5.371685625615744
7.617617617617618,-0.19296409191103986,-0.44469566590040976,2.183318714903127,5.229762269543835
7.627627627627628,-0.19730607753683518,-0.4227599887986422,2.1979154331685713,5.331584995036239
7.637637637637638,-0.2014277553504521,-0.40069335492606406,2.209478286192173,5.176388131110398
7.647647647647648,-0.20532796652434399,-0.37852618927527537,2.2179982470113195,5.286557543603771
7.657657657657658,-0.20900585723784498,-0.3562889856165281,2.2234706051134765,5.145242886959757
7.667667667667668,-0.2124608791492995,-0.3340122632469775,2.225894971968355,5.340016004713144
7.677677677677678,-0.21569278943498169,-0.3117265237152598,2.2252752804117737,5.245613007294921
7.687687687687688,-0.21870165039485023,-0.28946220758307817,2.221619777874407,5.13999554963532
7.697697697697698,-0.2214878286258341,-0.2672496512853417,2.2149410134740055,5.218070878243521
7.707707707707708,-0.22405199376392615,-0.24511904415016517,2.2052558189863944,5.27263423540606
7.717717717717718,-0.22639511679700858,-0.22310038563996848,2.192585283716088,4.898790915535707
7.727727727727728,-0.22851846795091252,-0.20122344287456784,2.176954723314152,5.048435901655669
7.737737737737738,-0.23042361415185478,-0.17951770849654203,2.1583936425893935,4.974228556726922
7.747747747747748,-0.23211241606896138,-0.15801235893884424,2.1369356923305958,4.757918309954521
7.757757757757758,-0.233587024741221,-0.13673621315458817,2.112618620259152,4.947130504202303
7.767767767767768,-0.23484987779377797,-0.11571769186658898,2.0854842161522944,4.746947794239457
7.777777777777778,-0.23590369524906063,-0.09498477739578348,2.0555782511847465,4.700157300350214
7.787787787787788,-0.2367514749388387,-0.07456497412515262,2.022950411636863,4.672885272074727
7.797797797797798,-0.23739648752383846,-0.05448526965530576,1.9876542270258108,4.481308674802229
7.807807807807808,-0.2378422711281341,-0.03477209670721848,1.949746992759326,4.475411472623822
7.817817817817818,-0.23809262559605504,-0.015451295826290234,1.909289687438044,4.26004026077073
7.827827827827828,-0.23815160637991167,0.0034519210593089156,1.8663468849259242,4.3529275648585095
7.837837837837838,-0.23802351806734018,0.021913006174228755,1.8209866613032273,4.073461004839541
7.847847847847848,-0.23771290755760482,0.03990811047478893,1.773280496825913,4.088917999130799
7.857857857857858,-0.2372245568966737,0.05741411722179457,1.7233031730582675,3.6912570977250527
7.867867867867868,-0.23656347578139272,0.07440867449997945,1.6711326653219678,3.6874969748064417
7.877877877877878,-0.23573489374352097,0.09087022663764976,1.6168500305630031,3.524732561687699
7.887887887887888,-0.2347442520248832,0.10677804448122075,1.560539290875755,3.4327853704253637
7.897897897897898,-0.23359719515530836,0.12211225448301022,1.5022873128148433,3.558715758245143
7.907907907907908,-0.23229956224544357,0.13685386655959597,1.4421836826187793,3.2179540626375474
7.917917917917918,-0.2308573780069681,0.15098480068158437,1.3803205776132224,3.1049252858011975
7.927927927927928,-0.2292768435130795,0.16448791215745828,1.3167926339225673,2.8992336347297956
7.937937937937938,-0.2275643267125245,0.17734701557492905,1.2516968106668873,2.8796895980305317
7.947947947947948,-0.22572635271077862,0.18954690736600455,1.1851322508750233,2.530052395105348
7.957957957957958,-0.2237695938323242,0.20107338696381838,1.117200139301822,2.4578021772387246
7.967967967967968,-0.22170085947826976,0.21191327652119618,1.0480035573398574,2.118659761403298
7.977977977977978,-0.21952708579386182,0.22205443916281453,0.9776473352211834,1.9193451619225361
7.987987987987988,-0.2172553251606959,0.23148579574484351,0.9062379017608588,1.955843787768754
7.997997997997998,-0.21489273552869978,0.24019734009896787,0.8338831318368634,1.8857128592296548
8.008008008008009,-0.2124465696031588,0.2481801527385752,0.7606921917845231,1.4940849505504736
8.018018018018019,-0.20992416390230162,0.25542641300756763,0.6867753829905912,1.394440023623299
8.028028028028029,-0.20733292770110542,0.26192940965530376,0.6122439838869003,1.225905138635601
8.038038038038039,-0.2046803318771704,0.26768354982212017,0.5372100905302055,1.181376806498686
8.048048048048049,-0.20197389767463655,0.27268436642267524,0.46178645604139135,0.8286187823816307
8.058058058058059,-0.19922118540224198,0.2769285239170429,0.3860863291340202,0.8602086847411949
8.068068068068069,-0.19642978308170275,0.28041382246139435,0.3102232919336476,0.43706248580320417
8.078078078078079,-0.19360729506267454,0.28313920043223106,0.23431109731499333,0.2509284596517153
8.088088088088089,-0.19076133062059702,0.28510473532055336,0.15846350603235315,0.34137137604196804
8.098098098098099,-0.18789949255375454,0.2863116429954413,0.08279412385339846,-0.03896943140192953
8.108108108108109,-0.18502936579586346,0.28676227533763843,0.0074162388775320665,-0.18882961429546627
8.118118118118119,-0.18215850606050854,0.2864601162462428,-0.06755734063495389,-0.3667832931397798
8.128128128128129,-0.17929442853367644,0.28540977602562734,-0.14201444774260708,-0.5061775246609581
8.138138138138139,-0.17644459663056605,0.2836169841593037,-0.21584371741985642,-0.6150017942384562
8.148148148148149,-0.17361641083278948,0.2810885804816863,-0.28893474596899615,-1.016469875109973
8.158158158158159,-0.17081719762192368,0.277832504760525,-0.3611782490491553,-0.9913057758072455
8.168168168168169,-0.16805419852527145,0.2738577847049264,-0.4324662181110739,-1.2845966946081362
8.178178178178179,-0.16533455928949273,0.26917452241595896,-0.5026920750189916,-1.3671963651397363
8.188188188188189,-0.1626653191976246,0.2637938792991408,-0.5717508245998957,-1.5307884059167927
8.198198198198199,-0.1600534005447652,0.2577280594610061,-0.6395392049280009,-1.8813820440917746
8.208208208208209,-0.15750559828749439,0.25099029161289454,-0.7059558351601947,-1.9081644539084937
8.218218218218219,-0.15502856988184438,0.24359480950784906,-0.7709013606450092,-1.9838541567075059
8.228228228228229,-0.15262882532437427,0.23555683093932078,-0.8342785951500993,-2.4154165642256973
8.238238238238239,-0.15031271741058672,0.2268925353306699,-0.895992660013345,-2.289451393861665
8.248248248248249,-0.14808643222466117,0.21761903994806264,-0.955951119938586,-2.5049168617101847
8.258258258258259,-0.14595597987408895,0.20775437477133885,-1.014064115356664,-2.6146028593666992
8.268268268268269,-0.14392718548249223,0.19731745605703832,-1.0702444911039333,-2.9775759516975904
8.278278278278279,-0.14200568045352763,0.18632805863312196,-1.124407921178145,-3.248302971692167
8.288288288288289,-0.14019689401836566,0.1748067869643828,-1.176473029520304,-3.2449782928060174
8.298298298298299,-0.13850604507886533,0.1627750450291119,-1.2263615065720463,-3.2502148568154086
8.308308308308309,-0.1369381343581232,0.1502550050510285,-1.273998221409867,-3.211250129228346
8.318318318318319,-0.13549793686963552,0.13726957513101645,-1.3193113293879346,-3.5759261263863564
8.328328328328329,-0.1341899947158606,0.12384236582404284,-1.3622323750858518,-3.650419717606686
8.338338338338339,-0.13301861022651154,0.1099976557098783,-1.4026963903786722,-3.6715164075762248
8.348348348348349,-0.13198783944639356,0.095760356006652,-1.4406419875679095,-3.7080073727534817
8.358358358358359,-0.1311014859821341,0.08115597427708732,-1.4760114473991681,-3.7557167495708317
8.368368368368369,-0.13036309521662204,0.06621057727994195,-1.5087508018109235,-3.9433123616177634
8.378378378378379,-0.1297759488994526,0.05095075301961138,-1.5388099113571652,-4.088334029855901
8.388388388388389,-0.12934306012113433,0.03540357204756628,-1.5661425371744395,-4.218112691507042
8.398398398398399,-0.1290671686782801,0.01959654807117417,-1.5907064073432624,-4.0476358947388675
8.408408408408409,-0.12895073683642613,0.0035575979265800584,-1.6124632776149312,-4.41554014232969
8.418418418418419,-0.1289959454965668,-0.012684999028223842,-1.6313789863994734,-4.203296259362421
8.428428428428429,-0.1292046907709251,-0.029102642041377358,-1.647423503892112,-4.4160405868840575
8.438438438438439,-0.12957858097287064,-0.04566645055759544,-1.6605709753308378,-4.318861510686254
8.448448448448449,-0.13011893402533142,-0.06234730621216489,-1.670799758293878,-4.544073416832774
8.458458458458459,-0.1308267752914325,-0.07911589516808348,-1.6780924539670066,-4.706318082423427
8.468468468468469,-0.13170283583049827,-0.09594275073602887,-1.6824359323707099,-4.398618357253651
8.478478478478479,-0.13274755108194358,-0.11279829621654613,-1.6838213514945615,-4.493969512834516
8.488488488488489,-0.13396105997897767,-0.12965288790308716,-1.682244170302189,-4.340366170133076
8.498498498498499,-0.1353432044934168,-0.1464768581845579,-1.6777041556052872,-4.295030485816212
8.508508508508509,-0.13689352961230214,-0.16324055868597576,-1.6702053827887111,-4.352326026640848
8.518518518518519,-0.13861128374638929,-0.1799144033855331,-1.6597562303867441,-4.506699249980497
8.528528528528529,-0.14049541956997047,-0.19646891164667135,-1.6463693685134047,-4.365547567719239
8.538538538538539,-0.1425445952908672,-0.21287475110351917,-1.6300617411729341,-4.346340814598195
8.548548548548549,-0.1447571763488197,-0.22910278033882214,-1.6108545424695127,-4.243756804188289
8.558558558558559,-0.14713123753989266,-0.24512409129309898,-1.5887731867431114,-4.134402842533185
8.568568568568569,-0.14966456556389676,-0.26091005134469025,-1.5638472726986539,-3.920415124082025
8.578578578578579,-0.15235466199123782,-0.27643234500077973,-1.5361105415469378,-4.116504737700066
8.588588588588589,-0.15519874664499345,-0.2916630151394237,-1.5056008292284542,-4.086822901944151
8.598598598598599,-0.15819376139342847,-0.3065745037440921,-1.4723600128186654,-3.756396896026892
8.608608608608609,-0.1613363743475779,-0.3211396920727303,-1.4364339511381505,-3.877280464897772
8.618618618618619,-0.1646229844579476,-0.33533194020331436,-1.3978724196760517,-3.876236581115607
8.62862862862863,-0.16804972650380037,-0.3491251259000787,-1.356729039956523,-3.5125139636421503
8.63863863863864,-0.17161247646795919,-0.3624936827449865,-1.3130612033762645,-3.484709346957246
8.64864864864865,-0.17530685728948578,-0.3754126374791831,-1.26692998966384,-3.455544407392617
8.65865865865866,-0.17912824498606095,-0.38785764650202026,-1.2184000801069885,-3.3248082246657957
8.66866866866867,-0.18307177513737408,-0.399805031475319,-1.167539665595303,-3.1784506237172305
8.67867867867868,-0.18713234972030157,-0.41123181398140574,-1.1144203496656502,-3.042917369347865
8.68868868868869,-0.19130464428615096,-0.422115749186343,-1.059117046685877,-2.793708472283104
8.6986986986987,-0.19558311546977789,-0.43243535845960146,-1.001707875282758,-2.3966936020303113
8.70870870870871,-0.19996200881987672,-0.4421699609037155,-0.942274047229553,-2.6617349488194373
8.71871871871872,-0.20443536693932174,-0.45129970374948236,-0.8808997518828328,-2.327709392249705
8.72872872872873,-0.20899703792397045,-0.4598055915720405,-0.8176720363535956,-2.019247707258945
8.73873873873874,-0.21364068408791115,-0.4676695142870919,-0.7526806816535228,-1.8401756417579742
8.74874874874875,-0.21835979096275107,-0.4748742738874263,-0.6860180748773423,-1.940551180564315
8.75875875875876,-0.2231476765581299,-0.4814036098802319,-0.617779077654621,-1.8416930877726316
8.76876876876877,-0.22799750087026321,-0.4872422233900213,-0.5480608911283085,-1.6074236076699318
8.77877877877878,-0.23290227562499718,-0.49237579989281066,-0.47696291752344777,-1.295537006930117
8.78878878878879,-0.23785487424149065,-0.49679103054764795,-0.40458661856466804,-1.1769220763707584
8.7987987987988,-0.24284804200232746,-0.5004756320963075,-0.3310353710139644,-0.9738214456764637
8.80880880880881,-0.24787440641559091,-0.5034183653026822,-0.2564143193996067,-1.0251244570005364
8.81881881881882,-0.2529264877541329,-0.5056090519041074,-0.18083022621243927,-0.5843222474426778
8.82882882882883,-0.2579967097570145,-0.5070385900516801,-0.10439131985060612,-0.6732539780691256
8.83883883883884,-0.26307741047789024,-0.5076989682174329,-0.0272071403960652,-0.016416495939797326
8.84884884884885,-0.268160853264871,-0.5075832775470968,0.05061161649293311,-0.23674712405808268
8.85885885885886,-0.2732392378562105,-0.5066857226419987,0.1289532572830545,0.11517863670850463
8.86886886886887,-0.2783047115760221,-0.5050016307546432,0.2077052497673897,0.3365161846691389
8.87887887887888,-0.28334938061406123,-0.5025274593833924,0.28675438348114923,0.3906468596304914
8.88888888888889,-0.2883653213734874,-0.49926080225652214,0.3659869310245192,0.626134970948481
8.8988988988989,-0.29334459187044803,-0.4952003936972158,0.44528881020439215,0.7489214107511616
8.90890890890891,-0.2982792431692275,-0.49034611136153927,0.5245457467058081,0.9626655658169939
8.91891891891892,-0.30316133083664504,-0.48469897734674916,0.6036434369705788,0.9495477934082277
8.92892892892893,-0.3079829263993926,-0.4782611576684346,0.6824677112098207,1.2288682220197302
8.93893893893894,-0.31273612878796503,-0.47103596010531135,0.7609046962265751,1.672413676925168
8.94894894894895,-0.3174130757508503,-0.4630278304166513,0.8388409777904791,1.9148631833581937
8.95895895895896,-0.32200595522273284,-0.4542423469363328,0.9161637624301484,1.6546462798025048
8.96896896896897,-0.32650701663045656,-0.4446862135511829,0.9927610383007774,1.9615609733782065
8.97897897897898,-0.3309085821206544,-0.4343672510744554,1.068521734990341,2.192345698279641
8.98898898898899,-0.33520305769300823,-0.4232943870248498,1.1433358820154425,2.3467650504241937
8.998998998999,-0.339382944223254,-0.411477643826899,1.2170947656946964,2.5483066210798877
9.00900900900901,-0.34344084836021344,-0.3989281254493804,1.2896910843149136,2.8731557714445977
9.01901901901902,-0.3473694932812996,-0.38565800249927307,1.3610191013006627,2.7727935472795298
9.02902902902903,-0.35116172929112976,-0.37168049579371143,1.4309747961015162,3.1658909679170524
9.03903903903904,-0.35481054424814074,-0.3570098584331767,1.4994560127189303,3.3502387459982996
9.04904904904905,-0.3583090738043065,-0.3416613563999391,1.5663626055888358,3.385618448085102
9.05905905905906,-0.3616506114433347,-0.32565124771067744,1.6315965825572931,3.388417689742612
9.06906906906907,-0.36482861830301877,-0.30899676015254585,1.695062244860793,3.691612353509297
9.07907907907908,-0.36783673276771,-0.2917160676333843,1.7566663238546791,3.7950023881050514
9.08908908908909,-0.3706687798172006,-0.2738282651804802,1.8163181142428044,3.9604181891120933
9.0990990990991,-0.37331878011867053,-0.2553533426235184,1.8739296037209083,4.1929153702983974
9.10910910910911,-0.3757809588487025,-0.23631215699787944,1.9294155988036188,4.328916557635327
9.11911911911912,-0.37804975423274223,-0.21672640370853102,1.9826938465972201,4.3688515188304855
9.12912912912913,-0.3801198257898142,-0.19661858649543262,2.0336851524483013,4.632305706202565
9.13913913913914,-0.38198606227068876,-0.17601198624209857,2.0823134932523306,4.401525524238278
9.14914914914915,-0.3836435892781445,-0.15493062867256313,2.128506126213958,4.710775624986602
9.15915915915916,-0.3850877765584278,-0.1333992509825599,2.172193692996961,4.871385931247419
9.16916916916917,-0.386314244953471,-0.11144326745140276,2.213310319055868,4.96311038290672
9.17917917917918,-0.38731887300390133,-0.08908873408454454,2.25179370799536,4.807091895729166
9.18918918918919,-0.38809780319340187,-0.06636231233638057,2.2875852308911226,5.127096669171264
9.1991991991992,-0.38864744782545046,-0.04329123196460216,2.3206300103605977,5.2782262375715785
9.20920920920921,-0.3889644945240245,-0.01990325306990215,2.350876999321168,5.060960055657823
9.21921921921922,-0.3890459113503735,0.003773372626412197,2.378279054328247,5.300271136483114
9.22922922922923,-0.3888889515285008,0.02770994121094361,2.402793003326808,5.333132576505663
9.23923923923924,-0.38849115777257676,0.05187733665697891,2.4243797077869047,5.41088867460997
9.24924924924925,-0.3878503662100427,0.07624607149696772,2.4430041191106584,5.385329208507985
9.25925925925926,-0.3869647098947596,0.10078632803056564,2.45863532921011,5.477744098354459
9.26926926926927,-0.38583262190512646,0.1254680000096826,2.4712466152160033,5.4827374446008985
9.27927927927928,-0.38445283802269387,0.15026073474159674,2.4808154782387044,5.529910478578725
9.28928928928929,-0.3828243989873768,0.175133975549997,2.487323676115415,5.614965034033774
9.2992992992993,-0.3809466523259972,0.20005700453369712,2.490757250119927,5.582167114276896
9.30930930930931,-0.37881925375146697,0.22499898556240794,2.491106545583241,5.589191225301172
9.31931931931932,-0.37644216813055364,0.2499290074482765,2.488366226390646,5.511327107880869
9.32932932932933,-0.37381567001876875,0.2748161272318903,2.482535283343367,5.518313438564535
9.33933933933934,-0.37094034376154683,0.29962941352121675,2.4736170363817607,5.837257901668544
9.34934934934935,-0.3678170831614871,0.3243379898221157,2.461619130640596,5.681909485421675
9.35935935935936,-0.36444709071205506,0.34891107779830577,2.4465535263593345,5.657741916414929
9.36936936936937,-0.36083187639875824,0.37331804039988015,2.428436482668122,5.502669424119999
9.37937937937938,-0.35697325606941477,0.39752842479866857,2.4072885352571944,5.5180440882594395
9.38938938938939,-0.35287334937576187,0.4215120050696939,2.3831344679669115,5.473640245386422
9.3993993993994,-0.34853457728924075,0.44523882455776587,2.356003278341529,5.557750938376568
9.40940940940941,-0.3439596591944253,0.4686792378693241,2.3259281371963,5.489106017811141
9.41941941941942,-0.33915160956412915,0.49180395242956365,2.292946342241457,5.1863973412680195
9.42942942942943,-0.33411373422086044,0.5145840695458297,2.25709926585915,5.2322105254606806
9.43943943943944,-0.32884962618983826,0.5369911249192363,2.218432297075026,5.2882541976047035
9.44944944944945,-0.3233631611494042,0.5589971285463307,2.176994777811295,5.129166517802686
9.45945945945946,-0.31765849248520706,0.5805746039544974,2.132839933548386,5.0217354692367255
9.46946946946947,-0.31174004595512,0.6016966267154675,2.086024798452897,4.8297283295766205
9.47947947947948,-0.30561251397238487,0.6223368621817826,2.036610135069484,4.948763772108821
9.48948948948949,-0.2992808495150443,0.6424696023925343,1.9846603487563748,4.630598155595396
9.4994994994995,-0.29275025967023205,0.6620698020968252,1.9302433969169002,4.7560596949488065
9.50950950950951,-0.28602619882241515,0.6811131138423221,1.8734306931654032,4.444887122024374
9.51951951951952,-0.2791143614952106,0.6995759220801165,1.814297006634611,4.484966597202553
9.52952952952953,-0.2720206748568473,0.7174353762374093,1.7529203564651041,4.300842360456332
9.53953953953954,-0.26475129089986704,0.7346694227100485,1.6893819016752474,4.2867514900162815
9.54954954954955,-0.25731257830609555,0.7512568357304072,1.623765826619703,4.040978037864855
9.55955955955956,-0.24971111400836743,0.7671772470667992,1.5561592220957152,3.898115522355547
9.56956956956957,-0.2419536744609144,0.7824111745111022,1.4866519623201029,3.944991174440993
9.57957957957958,-0.23404722663076777,0.7969400491152498,1.4153365780081373,3.781171559661336
9.58958958958959,-0.22599891872287134,0.8107462411378918,1.3423081256110834,3.533920631414607
9.5995995995996,-0.2178160706520312,0.8238130846630192,1.267664052983541,3.4190912281155184
9.60960960960961,-0.20950616427516328,0.836124900857282,1.1915040616976214,3.2525694126574596
9.61961961961962,-0.20107683339763116,0.8476670198321408,1.1139299660913622,3.115494331832639
9.62962962962963,-0.1925358535678131,0.8584258010793313,1.0350455493339936,2.965041512366413
9.63963963963964,-0.18389113167432125,0.8683886524514399,0.9549564167433928,2.962660607127677
9.64964964964965,-0.1751506953605771,0.8775440476607805,0.8737698464533565,2.558524402471763
9.65965965965966,-0.16632268227170302,0.8858815422703259,0.7915946377207845,2.2914213906166356
9.66966966966967,-0.15741532914895895,0.8933917881556912,0.7085409571069121,2.1434512294106516
9.67967967967968,-0.1484369607871046,0.9000665464166104,0.6247201826688027,2.061487888922338
9.68968968968969,-0.13939597887034813,0.9058986987196311,0.5402447464831823,1.9790623674149292
9.6996996996997,-0.1303008507026275,0.9108822570569144,0.4552279756378823,1.5005197028850084
9.70970970970971,-0.1211600978481877,0.9150123719055747,0.3697839319422016,1.5597293585689767
9.71971971971972,-0.11198228469851192,0.918285338777479,0.28402725066192147,1.1635359075009404
9.72972972972973,-0.1027760069817717,0.9206986031500577,0.19807297838872273,1.1773801354693887
9.73973973973974,-0.0935498802310433,0.9222507637702462,0.11203641031326583,0.8872334355992647
9.74974974974975,-0.08431252822761262,0.9229415743275005,0.02603292722098871,0.6639174891459911
9.75975975975976,-0.07507257143569794,0.9227719434943902,-0.05982216768485671,0.49385979379628997
9.76976976976977,-0.06583861544494216,0.9217439333328086,-0.1454138118605215,0.3040556284490978
9.77977977977978,-0.056619239437043126,0.9198607560697551,-0.23062734607300683,0.17871298913563383
9.78978978978979,-0.04742298469279491,0.9171267692472629,-0.31534867654643506,-0.1810199728550835
9.7997997997998,-0.038258343155816645,0.9135474692520087,-0.39946443629758477,-0.05380131487919698
9.80980980980981,-0.029133746069131085,0.9091294832352992,-0.48286214536220484,-0.37576881010576546
9.81981981981982,-0.020057552700655505,0.9038805594349475,-0.5654303698249521,-0.6315240924245085
9.82982982982983,-0.011038039173536546,0.8978095559114764,-0.6470588793554555,-1.004076140265324
9.83983983983984,-0.0020833874171424724,0.8909264277161195,-0.7276388029589,-1.2147858501456612
9.84984984984985,0.006798325745705082,0.8832422125088958,-0.807062782855283,-1.27243774268529
9.85985985985986,0.015599139359812393,0.8747690146459437,-0.8852251261993871,-1.4423130126876433
9.86986986986987,0.024311218931810055,0.8655199877601594,-0.9620219543689785,-1.638074025030503
9.87987987987988,0.03292686684249826,0.855509315859778,-1.0373513497161042,-1.7752611282651845
9.88988988988989,0.04143853256263643,0.8447521929710482,-1.111113499528436,-2.017616017103627
9.8998998998999,0.049838822657734455,0.8332648013547042,-1.1832108369561283,-2.2745848052092454
9.90990990990991,0.05812051056773561,0.8210642883272818,-1.2535481787673461,-2.4069540990045932
9.91991991991992,0.06627654614777012,0.8081687417197223,-1.3220328596829063,-2.267785148928827
9.92992992992993,0.07430006495651884,0.7945971640093057,-1.3885748631434325,-2.8056685214513823
9.93993993993994,0.08218439727908755,0.7803694451602943,-1.453086948318301,-2.865649867911848
9.94994994994995,0.08992307687163983,0.7655063342131436,-1.5154847731044399,-3.0584575511006165
9.95995995995996,0.09750984941548681,0.7500294096627078,-1.5756870130487641,-3.4472772344047855
9.96996996996997,0.10493868066869104,0.7339610486666217,-1.6336154759722703,-3.4977250989032416
9.97997997997998,0.11220376430370746,0.7173243951287285,-1.6891952120847051,-3.389003077883935
9.98998998998999,0.11929952942001693,0.700143326702964,-1.2939386082637014,-2.490511630958533
10.0,0.12622064772118421,0.6914197182866124,-0.8714884807935209,-1.494650344469689
